:020000040801F1
:1000000000000220E5520108F9520108F9520108E6
:10001000F9520108F9520108F9520108F952010890
:10002000F9520108F9520108F9520108F952010880
:10003000F9520108F9520108F9520108B1610108A9
:10004000F9520108F9520108F9520108F952010860
:10005000F9520108F9520108F9520108F952010850
:10006000F9520108F9520108F9520108F952010840
:10007000F9520108F9520108F9520108F952010830
:10008000F9520108F9520108F9520108F952010820
:10009000F9520108F9520108F9520108F952010810
:1000A000F9520108F9520108F9520108F952010800
:1000B000F9520108F9520108F9520108F9520108F0
:1000C000F9520108F9520108F9520108F9520108E0
:1000D000F9520108FD520108084909488B68094A8C
:1000E0004FF0000C1A4480F808C003F55B03064883
:1000F00003F53A4382608B60012070471C000020AA
:100100002800002000BADB8010000020002070478B
:100110000E4B1888B8B110B40D4A0E4B146893F802
:1001200000C0013810D02346002219460132634432
:1001300082420B60F9D10CFB0242074B0021116097
:100140001C6010BC704770472246F6E7480000204C
:1001500044000020400000203C00002010B48268D1
:10016000D0E90034EFF3108172B6DBB2012B0CD072
:10017000022B04D1226081F3108810BC7047D2B2E8
:10018000227081F3108810BC704792B2228081F3F4
:10019000108810BC704700BF704700BF816982683B
:1001A000CB6810B4C4696340CB6090F8303083F002
:1001B0000103D9074CBFC168016980F830305B0783
:1001C0000A4403D4826010BC012070474369D11AED
:1001D0000029F7DB034A42601A46826010BC012006
:1001E000704700BF4D030108EFF3108C72B614493D
:1001F0000B68834202D110E083420BD01A461B6881
:10020000002BF9D14B68834204BF0E4B4B608CF33B
:100210001088704703681360F4E70B4B026800B561
:10022000D0F808E0C3F808E01A600B604B6883421E
:1002300004BF044B4B608CF310885DF804FB00BFD7
:10024000280000201C0000200400002008B5014602
:1002500072B6014807F024FBB800002008B504205E
:10026000FFF7F4FF10B58168EFF3108E72B6174CEC
:1002700023689A688A1A002A0BDB9C461B689A68D6
:100280008A1A002AF9DA0360CCF800008EF310888D
:1002900010BD0F4A52688A1A002A11DB0D4A934298
:1002A00008BF1B68036091604FF0E0230A491060AB
:1002B00022604FF0806000225A619A614860E5E751
:1002C000A27A002AEAD10320FFF7C0FF280000200D
:1002D000001000E00400002000ED00E070B50E4DBD
:1002E000296891B90D4E047833680D4803EBC40CAE
:1002F00084454FEAC4020BD898183060184607F0BE
:10030000D7FA084A2860147070BD0A20FFF79EFFD4
:100310001120FFF79BFF00BF88010020B0000020E4
:1003200000FE01208C01002008B50820FFF78EFF99
:1003300008B5054A937A23B1022B1CBF00239372A0
:1003400008BD0220FFF782FF28000020836A70B5F5
:10035000002B00F092809A68196881624A49866988
:10036000C4690D68002A14BF4FF0010C4FF0000C57
:1003700022D1240434611D600B6090F83030856A0E
:1003800003F01004C3F3001383F00103B2FA82F107
:10039000DBB2490999422BD0036A4BB381684CF018
:1003A000040C0B44002D3ED14CEA040C436180F850
:1003B00030C08360012070BD34611D600B60436AF2
:1003C0009342DAD9056A866A8168D5B10D44002E58
:1003D00047D190F83030456103F0100343F0070334
:1003E00080F8303011444B1B002B38DA436A13E09D
:1003F0005DBB4CEA0404002380F83040436118469A
:1004000070BD90F8304004F010047EBB44F003044B
:100410004661114480F830401C4C9B1AC0E90141F0
:10042000C0E90323C6E76D685B1B002B28DB90F84F
:100430003030456103F0100343EA0C031CF0020F57
:1004400080F83030CED12B46B3E76D6845614CF073
:10045000040C44EA0C0480F830402B46A9E7856080
:10046000A8E72B464FF0070C7568DDE77568456116
:1004700044F0070480F83040B4E71520FFF7E6FEAB
:100480001320FFF7E3FE00BF3C0000209D010108A0
:100490000FB42DE9F04FDFF844A285B09AF8003090
:1004A0000E9DDBB223B105B0BDE8F04F04B070473C
:1004B0008B4E01228AF8002031780FAC0394C9B228
:1004C000884A92F800805FFA88F8414503D3137098
:1004D000337098461946AB7803EB0802602A40F265
:1004E000F280EB7843445B1A602B07D900238AF82B
:1004F000003005B0BDE8F04F04B07047DFF8E4917C
:10050000002789F800703178C9B2774B0093A8EBC7
:10051000010842461944184607F03CF937705FFA63
:1005200088F389F80030714B42F2AC02DA60AB78A4
:10053000009A052B02EB080B40F28C80C8F1600793
:100540009F422A882979AD6828BF1F46053F0BF1D5
:1005500002037F2A1F4406D9D30963F07F038BF877
:1005600002300BF1030302F07F0203F8012B002994
:100570006AD005EB01097E1CCDF8048014E0063A30
:10058000012A00F2A880D4F80080F91A8845ADD27B
:1005900003F8018B42466168184607F009FA0346E2
:1005A000083443444D454DD0991C8F429ED315F8D5
:1005B000012B052A33D0E2D854F8042B02F1200095
:1005C0007F2827D902F58050B0F5804F1DD302F562
:1005D0000020B0F5001F79D302F1806CBCF1805F80
:1005E00003F1010007D34FEA127C6CF07F0C83F813
:1005F00000C003460846510D61F07F0119700346A3
:10060000910B61F07F0103F8011BD10961F07F01BB
:1006100003F8011B02F07F0203F8012BC2E754F834
:10062000040B0278591C2AB909E001F8012B10F8D3
:10063000012F0AB1B142F8D1CA1A013AD2B21A70E6
:100640000B46AFE7DDF804809F42FFF44FAFA3EB0A
:100650000B030333002B3FF449AF254A0098117870
:10066000DD1EDAB200F808208BF8011030D00BEB59
:10067000050458464FF6FF7110F8016B4E4086EAAC
:100680000616F6B2090AF70041EA062187EA1616AD
:10069000714084420EB2EFD1090AF6B20BF8051090
:1006A0009B4402EB08037E220BF8026C0BF8012C32
:1006B000DBB20E4A0B4842F2AC010370D16000235A
:1006C0008AF8003015E7084A009231E7184696E7A5
:1006D000FF263146E2E70620FFF7B8FDB400002010
:1006E000AD000020AC0000204C000020003801408C
:1006F00000000020000000002DE98048AF4BDFF82B
:10070000C0B25C68DFF8BC9295B0AF4991F908308F
:10071000002B00F07D85A94B5A6872B691F908301C
:10072000002B40F0848662B6A44B5B689B1A23447E
:100730000493A64BA4491B780122DBB20A72E3B1F1
:10074000DFF88CA2DFF88C82A04A9AF800009B4C5C
:1007500000231370D8F80030FF250135E9B203EB10
:10076000C10107E00A4652F8086B5E4500F0C083FD
:1007700011460135EDB28542F4D3974B1B78DBB2BD
:10078000DBB1DFF84CA2DFF84C82934A9AF8000004
:10079000D8F8006000231370FF240134E2B206EBA6
:1007A000C20207E0134653F8081B494500F0C08316
:1007B0001A460134E4B28442F4D3884B1B78DBB28E
:1007C000E3B1DFF80CA2DFF80C82844A9AF800004B
:1007D000D8F80060824C00231370FF250135EAB27F
:1007E00006EBC20207E0134653F8081BA14200F0D3
:1007F000C5831A460135EDB28542F4D3794B1B7897
:10080000DBB2E3B1DFF8C8A1DFF8C881754A9AF816
:100810000000D8F80060744C00231370FF250135E8
:10082000EAB206EBC20207E0134653F8081BA142E6
:1008300000F0DE831A460135EDB2A842F4D86B4BC6
:100840001B78DBB2E3B1DFF888A1DFF88881674A63
:100850009AF80000664C00231370D8F80030FF258A
:100860000135E9B203EBC10107E00A4652F8086B13
:10087000A64200F09F8311460135EDB2A842F4D89C
:100880005C4B1B78DBB2F3B1DFF844A1DFF84481A5
:10089000584A9AF80010D8F80000574D0023FF245A
:1008A00013700294029C0134E2B200EBC20207E032
:1008B000134653F8086BAE4200F0B5831A46013474
:1008C000E4B2A142F4D84D4B1B78DBB2E3B1DFF8C0
:1008D00000A1DFF80081494A9AF80050D8F800706A
:1008E000474E00231370FF240134E2B207EBC2022B
:1008F00007E0134653F8081BB14200F060811A4626
:100900000134E4B2AC42F4D33E4B1B78DBB2E3B12A
:100910003C4ADFF8BCA0DFF8BC803B4D00231370DD
:10092000FF249AF80000D8F800300134E1B203EB5C
:10093000C10107E00A4652F8086BAE4200F04B8155
:1009400011460134E4B28442F4D3304B1B78DBB25D
:10095000E3B12E4ADFF878A0DFF878802C4D002331
:100960001370FF249AF80000D8F800300134E1B287
:1009700003EBC10107E00A4652F8086BAE4200F0F3
:100980003D8211460134E4B28442F4D3214B1B78FA
:10099000DBB2002B4DD01F4ADFF834A0DFF83480E3
:1009A0001D4D00231370FF249AF80000D8F8003082
:1009B0000134E1B203EBC10138E000BF001000E0F8
:1009C00085280108E526010828000020580100209C
:1009D0008C010020880100205C01002060010020C3
:1009E000FD40010864010020A145010868010020C4
:1009F000294501086C0100202941010870010020EF
:100A0000854101087401002081530108780100200C
:100A10000D5401087C010020595401080A4652F87F
:100A2000086BAE4200F01F8211460134E4B28442EA
:100A3000F4D3804B1B78DBB203B37E4ADFF8F88136
:100A4000DFF8F8A17E4F00231370FF23CDE90238B1
:100A5000D046039B98F800001B68029C0134E1B269
:100A600003EBC10107E00A4652F8085BBD4200F003
:100A70000B8111460134E4B28442F4D3714B1B78EC
:100A8000DBB2E3B16F4ADFF8B4A1DFF8AC816E4DA1
:100A900000231370FF249AF80000D8F800300134C6
:100AA000E1B203EBC10107E00A4652F8086BAE421F
:100AB00000F0648111460134E4B28442F4D3634B04
:100AC0001B78DBB2E3B1DFF874A1DFF86C815F4A19
:100AD0009AF800605E4D00231370D8F80030FF24B0
:100AE0000134E1B203EBC10107E00A4652F8080BFA
:100AF000A84200F0ED8111460134E4B2A642F4D8D8
:100B0000544B1B78DBB223B1524A0023137005F01B
:100B1000E1FB514A514B4AF6AA2111605A6872B65C
:100B20004F490B689B1A002BB8BF0A6062B64D4B49
:100B30001A78D2B21546002A00F02E834A4B1C7850
:100B4000E10719D4042A40F2278348490E78731F1D
:100B50003B2B00F202834B7823F00F01102907D1C1
:100B6000B242C0F01983424FB95D7E2900F0E184A2
:100B70003D4B44F001041C703C487E2106F0B8FF58
:100B800030B13A4BC01A384B04F0FE041C70451CBF
:100B9000A30706D4344A44F0020313703548FFF724
:100BA00077FC202D07D1344930482A4606F0D2FE82
:100BB000002800F08D842E464FF0FF37D3E25068B6
:100BC00000283FF4A1AE037DDB077FF58DAE214603
:100BD00004F016FA88E64E68002E3FF4B6AE727D39
:100BE000D7077FF5A2AEF37D2F2B40F21584317D20
:100BF000002900F03984012900F0858406F11D07E1
:100C00003023328B337721461C480097FFF740FC96
:100C1000F37D328B303BDBB2002101322F2B317759
:100C2000F375328340F29683154B1972154A0123EE
:100C3000137076E680010020880100208C010020DE
:100C400011730108840100204971010890010020FE
:100C5000455501089401002000300040001000E0DC
:100C600098010020600200209C010020A0010020CB
:100C70009F010020F0890108907B0108088A010883
:100C800028000020740100204D68002D3FF4F6AECE
:100C90006A7B002A3FF4E2AE05F1200393E80300EB
:100CA00007AA2B7B0294D5E906EC82E80300AD4A43
:100CB000059303F117064FF0000A72B6DDE9070449
:100CC000C3686340C36051681C3153685B1A002BD2
:100CD000FBDBC3686340C360DEF8080000EA0C0079
:100CE000003818BF012062B651681C3153685B1A86
:100CF000002BFBDB013E40EA4A0ADED2059B72B6BE
:100D00000022697B6A7362B601222AFA03F602FAAC
:100D100003F3300203F1FF3348BF46F07F4633EA66
:100D20000A0300F064834FF0004380266B610023C8
:100D300018461946002261F3070260F30F2263F39D
:100D4000174295F82C30E9180433DBB266F31F62C2
:100D50002F2BC1F82D2085F82C307FF67AAE05F1C7
:100D60002D012A8D804800910299FFF791FB002305
:100D700085F82C302B8D01332B856AE64E68002ECA
:100D80003FF49DAE327F002A3FF489AE07AB0027C7
:100D9000ADF81C709F70B0690322012102F0B4F815
:100DA00037779DF81D309DF81C209DF81E70B06DA2
:100DB0001B0243EA02431F431B0248BF47F07F4721
:100DC000394605F099FC96F82230F2180433DBB26C
:100DD0002F2BC2F8237086F822307FF65CAE06F126
:100DE0002301F28B604800912146FFF751FB00235D
:100DF00086F82230F38B0133F3834CE64E68002EE5
:100E00003FF4C4AD327ED2077FF5B0ADF38A2F2B0D
:100E100040F2B08207AF74233A468DF81C3006F1D9
:100E20001F07302301213069009703F083FE02F091
:100E3000EFF9F28A4C483023303AB377F2822146F8
:100E4000728B0097FFF724FB738B01337383F38A54
:100E500000222F2BB27740F2AB82444B1A72444AE5
:100E6000012313707EE54E68002E3FF4E2AD327E22
:100E7000D7077FF59DADF38A2F2B40F21F8207AF76
:100E800072233A468DF81C3006F11F0730230121EA
:100E90003069009703F04EFE02F0BAF9F28A324848
:100EA0003023303AB377F2822146728B0097FFF7F6
:100EB000EFFA738B01337383F38A00222F2BB277FF
:100EC00040F21A82294B1A722A4A012313706BE5E9
:100ED000486800283FF414AE027DD7077FF500AEC6
:100EE000214605F0CDFD9AF80060D8F80030F7E50E
:100EF000496800293FF441AC91F8202052077FF562
:100F00002CAC606872B691F8202091F8213022F064
:100F1000040681F8206062B6009002F001021648D3
:100F20002946FFF7B5FA9AF80000D8F8003014E423
:100F30005568002D3FF441AC95F82A2095F82B30E8
:100F40009A427FF42AAC72B695F82A2095F82B3095
:100F5000934200F0608162B69AF80000D8F8006011
:100F60001BE400BF001000E0088A010828000020F0
:100F7000780100207C0100208C8A0108516800293A
:100F80003FF43CAC0B7FFF2B7FF428AC72B68B7C1C
:100F9000002B00F064814A7F0A7762B6CA7EB948A6
:100FA000133100912946FFF773FA9AF80000D8F838
:100FB000006013E4496800293FF462AC91F82020F6
:100FC000D6077FF54DAC72B691F820308A6823F0D1
:100FD000010381F82030D1E9063162B6AA480091B8
:100FE0002946FFF755FA9AF80000D8F8003037E4A0
:100FF0005368002B3FF423AC1A7F17077FF50FAC23
:1010000072B61A7F22F008021A7762B69A7F9F485A
:101010002833D2082946FFF73BFA9AF80000D8F89F
:101020000060FFF7FCBB56680294002E3FF44BAC07
:10103000F37FDA077FF536AC72B6F37F23F0010356
:10104000F377B368039362B6B37F032B19D8DFE855
:1010500003F01D6035020023ADF81C30B06907AB0A
:101060000222012101F050FF029B0093BDF81C30C9
:1010700003995ABA1B0A304603F0060392B203F0F2
:1010800093FF9AF80010D8F800000BE400230793B0
:10109000B06907AB0422012101F036FF079A029BD9
:1010A000039900933046C2F3026312BA03F07CFF47
:1010B0009AF80010D8F80000FFF7F4BB012107915F
:1010C00007AF3B46B069032201F01EFF07223B46F3
:1010D000079FADF81C20B0690121022201F014FF26
:1010E000029B00933FBA9DF81D3003993C0A04F01F
:1010F000010CC7F30F2723F0030330463A4643EAB7
:101100000C0303F051FF9AF80010D8F80000FFF725
:10111000C9BB0C23079307AF3B46B06904220121EA
:1011200001F0F2FE0F223B46079FADF81C20B0698C
:101130000222012101F0E8FE3FBA029B03990093CD
:1011400030469DF81D3027F07F4203F02DFF9AF8BE
:101150000010D8F80000FFF7A5BB7E2E7FF408AD85
:1011600001264FF0FF370020494B1C78E4B2A51B45
:1011700040F06B81EFF3108272B6454B1B78DBB207
:101180009C4240F06E81424B1D7082F31088012F0B
:1011900002D14048FFF77CF93F4B404D404E5C6820
:1011A000049B29683268A4EB030A01315244BAF562
:1011B000803F2960326059D23A4F0AFB0AFA3868F8
:1011C0000AF1FF0300EB1323834238BF4FF0FF33D4
:1011D000DFF8D4803548D8F800A03B60A4EB0A0CB7
:1011E00084457FF692AA3248FFF752F9A24503D907
:1011F000304A1368013313602F49C8F800400023B8
:101200003B6033602B6091F90830002B7FF483AA98
:101210000494FFF78EBA01332F8B6E6985F82A305C
:1012200062B63946286E05F067FA95F82D302B44E2
:1012300083F82E703F0A83F82F7095F82D3095F8BB
:101240002C200233DBB2591C914285F82D3080F2FC
:10125000BF809AF80000D8F80060FFF79EBA62B627
:101260009AF80000D8F80060FFF7B8BABAF5801F06
:101270000C4F80F0B98038680AF1FF031B0A0AFBA3
:101280000303A1E75C8A0108388A0108508A010833
:1012900060020020F0890108001000E074020020C4
:1012A000700200206C02002068020020FF53EA2A2E
:1012B000EC8A01086402002028000020702307AF98
:1012C00030698DF8183006AA02230121009703F037
:1012D00031FC01F09DFF9DF81C209DF81D30B08A67
:1012E000120202F4F85243EA0201884238BFB18286
:1012F0002F29F1823FF7C4AD337E23F0010333760B
:1013000072B6BD4B5A68F3681344B3603046FEF7BB
:10131000A9FF62B6FFF748BBAF23ADF81C303069B8
:1013200007AB0222012101F0EFFD9DF81D305806A8
:1013300002D5728B01327283B27D012A00F0C28025
:1013400003F03F0303EB43035B00DBB22F2BF3758A
:101350003FF64DAC737D23F00103737572B6A64B57
:101360005A68F3681344B3603046FEF77BFF62B6F9
:10137000FFF7D7BA722307AF30698DF8183006AA85
:1013800002230121009703F0D5FB01F041FF9DF8F6
:101390001C209DF81D30B08A120202F4F85243EA74
:1013A0000201884238BFB1822F29F1823FF733AD65
:1013B000337E23F00103337672B68F4B5A68F3689D
:1013C0001344B3603046FEF74DFF62B6FFF7CABA6A
:1013D00005F12E010091894832462146FFF758F861
:1013E000002385F82D3034E74FF0FF33F0E68A070D
:1013F00003D54FF08043402698E46A69002A40F004
:10140000EF803146286E05F077F9F1B2C6F3072078
:10141000C6F30743360E8DE4337D00228DF8182085
:10142000002B3FF479AF012B5ED0F27592E774493F
:101430004FF6FF730B8162B630BF72B6704B93F9F3
:101440000830002BF7D1FFF76EB96E4B31182A1A0E
:101450001944184406F09EF9694A0023137228467D
:1014600088E682F310887FE607AB3122184606F043
:101470001FFAB27D012A14BFA822E8228DF81C2091
:10148000034631223069012106F11D0701F03CFDC0
:101490000DF11D033A4620469968D3F800C05C68F8
:1014A000D3F80CE0916010330DF14D018B42C2F87E
:1014B0000CE0C2F800C0546002F11002ECD1044606
:1014C000FFF79EBB990640F185800023F37541E745
:1014D0004FF000614B689A1EA3F1090022F0070249
:1014E00090425FD005F082FC2F228DF81C2006AAC6
:1014F00019463069009207AA03F01CFB01F088FE30
:101500009DF8183013E728238DF81C30B37D012B8C
:1015100004BFA8238DF81C3006F11D073069009721
:10152000302307AA012103F005FB01F071FEFFF74C
:1015300067BB791EA6F1030E013711F806C017F834
:101540000E104CEA012CBE440FFA8CFC4FF6FF71D2
:1015500017F8010B484080EA0010C0B2090A4FEAB0
:10156000C00841EA002188EA10104140BE4508B297
:10157000EED184457FF4FCAA234A24F002041470BF
:10158000224A1178994202D03546FFF707BB013352
:1015900003F00F0343F0100330461370012706F0E9
:1015A00065F8E0E553F8095C194C1A4A53F8053C14
:1015B000934208BFA54295D10B68DA1D22F00702BD
:1015C00093428FD172B60AA1D1E90001C3E90001AB
:1015D00005F00CFC03F01F0303EB43035B00B5E6CF
:1015E000D1B2C2F30720C2F30743160EFFF7A2BB26
:1015F0009B58A16CFAE38459001000E0808A01082E
:1016000028000020A00100209C01002000000020F4
:1016100043616E426F6F7421A649A74DA74A21F01E
:1016200003012DE988480024296045F2555040F611
:10163000FF711060A24B546091604CF6CC41116078
:10164000D3F8FC109F4A41F08071C3F8FC10116878
:1016500041F0010111605460EFF3108172B64FF058
:10166000E0222025072083F8235010615461946103
:101670004FF080625A6081F31088934805F08CFA2D
:101680009149924B40F239128A6042F22C02CA60B0
:1016900083F825435D60012272210A2005F0D8FB02
:1016A00022467221092005F0D3FB8948FEF7F0FE9F
:1016B00072B6884806F0EEF810B962B6FFF71CF86B
:1016C00072B6854B7F499A7AD1F804A0002A00F0BF
:1016D0002282824B824998687F4A886081481160E3
:1016E00053600B6018604FF0E021754B0224947238
:1016F00000274FF080624F618F615A607A4B7B4EBA
:101700001F70FEF705FD7A4A7A4B15781C684FF07A
:10171000FF0C4FF0110E0CF10101C9B204EBC10135
:10172000634605E00A4652F8080BB04215D0114650
:101730000133DBB2AB42F5D33A468AB192F830308E
:10174000D2E9060113F0100315BF734609040161C5
:10175000016182F830309762DDE74A689C46ECE729
:10176000654E4FF0FF08174608F10101C9B204EBBE
:10177000C101434605E00A4652F8080BB0420CD0BE
:1017800011460133DBB29D42F5D8384640B1002105
:1017900041633C3000F0AAFBE6E748689846F5E76D
:1017A000DFF858814FF0FF09064609F10101C9B27F
:1017B00004EBC1014B4605E00A4652F8080B4045D0
:1017C0001CD011460133DBB29D42F5D83746C7B174
:1017D0003846FEF709FD07F10C00FEF705FDFB6931
:1017E00033B100211A461B68C2E90011002BF9D160
:1017F0000023FB6187F822303B84D6E74F68994687
:10180000E5E7DFF8EC903E4E4FF0FF08DFF8E4B07C
:10181000BE464FF0000CDBF8005099F8004008F18C
:101820000101C9B205EBC101434605E00A4652F881
:10183000080BB04221D011460133DBB2A342F5D3ED
:1018400072465AB3136AEFF3108172B61C68E00651
:1018500016D481F3108892F82B30C2F860C0002BA8
:10186000D9D00133D16882F82A3053690B445361CF
:1018700093601046FEF7F6FCC8E74A689846E0E732
:101880001C6824F002041C601C6824F010041C6016
:101890009C6824F4A0049C60DB6CDAE7194E4FF0DE
:1018A000FF0C96460CF10101C9B205EBC10163467C
:1018B00030E000BF7F020020B00000200030004078
:1018C00000ED00E0001000E00038014000E100E021
:1018D0001C8B0108B8000020280000201C000020FC
:1018E0000400002010000020B4000020411D010869
:1018F0008C0100208801002071250108852801083D
:10190000E5260108E92301080A4652F8080BB0420F
:1019100010D011460133DBB29C42F5D8774667B14F
:101920003B7CDA07BED5D7E90212180748BF12047C
:101930000A61B7E74F689C46F1E7784E4FF0FF0821
:1019400008F10101C9B205EBC101424605E00B46B1
:1019500053F8080BB0420DD019460132D2B294426E
:10196000F5D83B464BB11A7918680021053301F0D0
:10197000CBFAE5E74B689046F4E7694EDFF8A4E15F
:101980004FF0FF0C1F460CF10101C9B205EBC1017C
:10199000634605E00A4652F8080BB04213D01146E0
:1019A0000133DBB29C42F5D8394679B10B690A8B19
:1019B00003FB02F202F58042CB68D20B1A60C1F839
:1019C00004E0CF61DFE749689C46EEE7564E4FF0F2
:1019D000FF080F4608F10101C9B205EBC1014346FA
:1019E00005E00A4652F8080BB0421AD011460133FE
:1019F000DBB29C42F5D8B946B9F1000F19D099F87D
:101A00001C309B0611D5D9E90301012205F03EFBEC
:101A100099F81C3003F0300343F0010389F81C30BF
:101A2000D8E7D1F804909846E6E7D9E903321A617D
:101A3000EEE73E4EFF27791CC9B205EBC1013B46DC
:101A400005E00A4652F8080BB0420FD011460133A8
:101A5000DBB29C42F5D84A465AB11369D1681804E2
:101A60009369526908611B041361E4E74A681F46E1
:101A7000F2E72F49FF239146581CC0B205EBC00086
:101A800005E0024652F8086B8E421DD01046013325
:101A9000DBB29C42F5D8EFF30383C3F308034BB1E9
:101AA0004FF080736FF0060208B402A102B41FB5B4
:101AB000104700BF1F4B01229A7262B61E48DA7AA5
:101AC0005146FEF7E5FCF8E54268002AE3D01069CC
:101AD000D2F80CB09769166A4FEA004E906A4FEA46
:101AE000004C106B4FEA0048906BCBF810E0D2F836
:101AF00014E03F04CEF81070D76936043E61566A90
:101B0000C6F810C0D66AC6F81080566B0004306163
:101B100082F80890B0E7D872DBE500BF452B0108DA
:101B2000E941010891400108A1450108A9460108C1
:101B30003D47010828000020048B010800B50A4B2E
:101B40000A4A9B7A11880A4A0A48126883B0003B05
:101B5000009118BF0123003918BF0121FEF798FC3E
:101B600003B05DF804FB00BF2800002048000020FF
:101B700038000020C88A0108024B03485968FEF764
:101B800087BC00BF001000E0D48A0108064A07495C
:101B9000074B526809681B680648914294BF194672
:101BA000591CFEF775BC00BF001000E06802002061
:101BB00064020020E08A0108016840F6E753994278
:101BC0000DD8027940F6E8535018984202D9C1F175
:101BD000E802D2B2054B06480B44FEF759BC034B52
:101BE000034800220B44FEF753BC00BF087C0108E9
:101BF000F88A0108D0E90031EFF3108272B6DBB247
:101C0000012B0ED0022B05D1096882F310880848F9
:101C1000FEF73EBC0978C9B282F310880448FEF78B
:101C200037BC098889B282F310880148FEF730BCBE
:101C3000B08A0108034602485A681978FEF728BCA2
:101C4000BC8A010838B50A4D0A4B2C682118994204
:101C50000BD8C31C23F00303024623440021204673
:101C60002B6005F025FE204638BD1120FEF7EEFA68
:101C7000B000002000FE012038B50D4B93F800C0E5
:101C80008445034610D910460A4A126852F8334078
:101C900002EBC30544B9084C24882CB942F8331030
:101CA000FFF7D0FF686038BD0B20FEF7CFFA00BF0A
:101CB0008C010020880100204800002008B50F207A
:101CC000FEF7C4FA08B50E20FEF7C0FA70B5164E3E
:101CD00033882BBB154B16491A78032A9CBF042264
:101CE0001A70144B05461868002403469C4613449A
:101CF0008B420FD80134B4F5806FF7D1181AFFF773
:101D0000A1FF0D4B34801860FEF702FA0B4B2A68D6
:101D10001A6070BD6346002CF0D11020FEF796FAD1
:101D20000D20FEF793FA00BF48000020400000207D
:101D300000FE0120B00000204400002038000020F8
:101D400030B5D0E901120446003A83B018BF012231
:101D5000684605F0B1FA154920783422FFF78CFF68
:101D60000346DDE9000103F1180282E8030010498F
:101D7000E2680D880020111AA26818BF0121121A0A
:101D800018BF012242EA011283F8302022691A6248
:101D9000C3E90A003DB9074B1A780B2A9CBF0C22F5
:101DA0001A7003B030BDFFF78DFF00BF411D010861
:101DB000480000204000002008B50C20FEF746FA3D
:101DC00010B50D4B02781B78934210D90B4B0C4980
:101DD0001B6853F832408C4203EBC20307D15B68A7
:101DE00072B69A6A2AB942685A6262B610BDFFF7A3
:101DF000E3FF1420FEF72AFA8C010020880100205E
:101E0000411D010810B5284B01781B788B4247D93A
:101E1000264B1B68024653F831402548844203EBA9
:101E2000C1033DD15868EFF3108472B621490B68A5
:101E3000002B37D0D3F800C0C1F800C084F310885D
:101E400054685C6092689A6072B6826A0021196078
:101E500022B1C26A1360C36262B610BD90F830202E
:101E60005107C0E90A3314D442F0040380F830303B
:101E70009307446108D4FEF7B7F90F4BC0E901346A
:101E8000FEF7F0F962B610BD83681B1B002BF9DB6F
:101E9000F1E743691B1B002BE6DA1320FEF7D6F9A6
:101EA000FFF78AFFFFF70AFF8C010020880100205E
:101EB000411D01083C0000204D03010890F820203E
:101EC0000849034642F00402002083F820200872EB
:101ED0009A68D3F818C004490120624408709A60D7
:101EE000704700BF2800002058010020F8B50446C4
:101EF0003C38FEF779F9227A54F8101C54F80C3C5F
:101F000054F8287C54F8146C002502F0340012F0C8
:101F1000100C44F8345C44F8245C40F008004FEAAC
:101F200001411BD0DB1B002BC8BF5B4244F8285C7F
:101F300044F80C3C2072316154F8083C6BB11148F4
:101F4000016800E013461A6844F8082C1960036021
:101F500054F8082C1946002AF4D1F8BDA3EB570316
:101F6000002BC8BF5B4244F80C3C54F8183C20726C
:101F7000520754F81C0C44F828CC58BF1B0431619C
:101F80000361D9E73C00002038B5254B02781B7867
:101F900093423FD9234B24491B68054653F832002E
:101FA000884203EBC20335D15C682046FEF71CF97A
:101FB000A36A8BBB2A7994F83030D4E90650002A02
:101FC00008BF0004286103F01000C3F30013B2FA45
:101FD00082F283F001034FEA5212DBB214BF0121F7
:101FE00000219A4201D0236A1BB9014384F83010C2
:101FF00038BD0E4A52680843134440F004000C4AAE
:1020000084F83000C4E9012363612046BDE838400C
:10201000FEF728B9FFF7D0FE1220FEF717F900BF30
:102020008C01002088010020411D0108001000E003
:102030004D03010810B5104B02781B78934218D954
:102040000E4B0F491B6853F832408C4203EBC2021F
:102050000FD143685168003B18BF01235B0072B683
:1020600091F8442022F00202134381F8443062B612
:1020700010BDFFF7A1FE00BF8C01002088010020E9
:102080007125010810B5114B02781B78934217D9BE
:102090000F4B10491B6853F832408C4203EBC203CC
:1020A0000ED15B68416872B65A695AB993F84420F8
:1020B000996022F00802996183F8442062B610BD4D
:1020C000FFF77AFE1620FEF7C1F800BF8C01002052
:1020D000880100207125010810B5184B027893F88B
:1020E00000C0624524D2164B1B6853F8321003EB34
:1020F000C20E144A91421BD10179DEF804206145D9
:1021000016D253F831401048844203EBC1030FD17B
:102110005B6802F13C00EFF3108172B6146C4CB9AD
:102120000A4C1464DC69D463D86181F3108810BD53
:10213000FFF742FE1920FEF789F800BF8C0100204E
:10214000880100207125010885280108ED1E01087D
:10215000F8B5224E0278337893423CD9204F21497A
:102160003B68054653F83200884203EBC20332D184
:102170005C682046FEF738F86B68A360AB68A36123
:102180002B7B84F8253013B32969616184F82630EC
:102190006B6932781449002B0CBF0223032384F8A7
:1021A00024302B7E61609A4215D93A6802EBC30154
:1021B00052F833200D4B9A420DD1EB694A6884F8EE
:1021C000273022622046BDE8F840FEF74BB884F87D
:1021D00024302362F8BDFFF7EFFD00BF8C01002023
:1021E0008801002015280108552E010885280108BE
:1021F00038B51D4B02781B78934233D91B4B1C49D1
:102200001B68054653F83200884203EBC20329D10C
:102210005C6872B62046FDF7E7FF04F10C00FDF79D
:10222000E3FFE36933B100211A461B68C2E90011DC
:10223000002BF9D10022012384F8222023846B682B
:10224000A360AB68C4E9063223B9EB6884F8223096
:1022500062B638BD2046FEF705F8EB6884F82230F8
:1022600062B638BDFFF7A8FD8C0100208801002070
:102270008528010870B5124B02781B7893421DD94E
:10228000104B11491B68044653F83200884203EB97
:10229000C20313D15D6872B695F82030DB0701D414
:1022A00062B670BD05F10C063046FDF79DFF636810
:1022B0006B613046FDF7D6FF62B670BDFFF77CFD5F
:1022C0008C010020880100208528010838B5294BA1
:1022D00002781B78934247D9274B28491B6805464B
:1022E00053F83200884203EBC2033DD15C682046BC
:1022F000FDF77AFF236AEFF3108272B61968C906F8
:1023000024D482F310886B686361A360AB68236197
:102310002B7B84F82B305A1C84F82A202A69E2602F
:102320002A7D84F82C20002184F82D10A96961836E
:10233000D5E90701A08384F8291033B1302A15D8D4
:102340002046BDE83840FDF78DBF38BD196821F043
:1023500002011960196821F010011960996821F4CF
:10236000A0019960DB6CCCE7FFF726FD1A20FDF792
:102370006DFF00BF8C01002088010020E5260108C8
:1023800010B50F4B027819788A4217D20D4B1B6893
:1023900053F8324003EBC20C0B4A94420ED102793F
:1023A000DCF804008A4209D253F8324007498C42D3
:1023B00003EBC20302D15B68036610BDFFF7FCFCB0
:1023C0008C01002088010020E526010889570108BA
:1023D00000B5034683B0D3E90012684604F06CFFF1
:1023E00003B05DF804FB00BFF0B5054683B00E49AD
:1023F00000781422FFF740FCAF686968B7FA87F2EB
:1024000004465209684604F057FFDDE9000104F173
:10241000080383E80300002F237C0CBF012209225C
:102420001343237403B0F0BDE9230108D0E9083158
:102430001A6810B5D4063AD5920702D55A6B8A426B
:1024400005D0836803F534638360012010BD1A68EA
:1024500022F002021A601A6822F010021A609A68CA
:1024600022F4A0029A6090F82A2090F82B10DB6CDE
:102470008A429BB23CD301229142038380F82A20F6
:1024800041D8428B9A425ED8828B9A425BD3364BBC
:10249000002280F8282000221A72344A4369C46856
:1024A00001212344117043618360012010BDC9B232
:1024B000122941D009292CD81A6901EB41044FF0A7
:1024C000070C0CFA04FC22EA0C0C0422A24042EA9B
:1024D0000C021A615A6B22F01F020A435A639A686F
:1024E00042F001029A609A6842F4A0029A60A8E75A
:1024F000B0F818C00132D2B263449BB29142038358
:1025000080F82A20BDD983680269134483600120C2
:1025100010BDA1F10A02DC6802EB42024FF0070C89
:102520000CFA02FC24EA0C0E4FF0040C0CFA02F236
:1025300042EA0E02DA60CDE7DA6D22F0070242F0DD
:102540000402DA65C6E790F8283090F829200133B4
:10255000DBB29A4280F82830034B9CD89A7A002A42
:1025600096D11B20FDF772FE280000205C010020A0
:10257000F0B505462749007883B04822FFF77CFB79
:10258000EF68002F04462EDD042280F8442069689D
:10259000684604F091FEDDE9000104F1200383E8C0
:1025A00003000022A968684604F086FEDDE9000108
:1025B00004F1280383E80300174B4FF040421988C9
:1025C00022632A69E2610023C4E90D3301BB134B86
:1025D00019780F299CBF10211970002F09DB104BAF
:1025E000636003B0F0BD0ED190F8442002F0040205
:1025F000CDE7122AF3D894F8443043F0200384F84E
:10260000443003B0F0BD102380F844300022BEE710
:10261000FFF758FB7125010848000020400000200A
:10262000612C010808B5134B01781B788B421ED929
:10263000114B124A1B6853F83100904203EBC1035F
:1026400015D15B6872B693F844001A6B5B69C006DB
:102650004CBFD21AA2EB530262B6002AB8BF524254
:10266000BDE80840064802F14042FDF711BFFFF700
:10267000A3FB00BF8C010020880100207125010808
:10268000A48A010810B5134B01781B788B4282B0E5
:102690001DD9114B114A1B6853F83100904203EBCE
:1026A000C10314D1586872B690F82420C36962B689
:1026B000D0E90340A4680440003C18BF0124084846
:1026C0000094C2F34002FDF7E3FE02B010BDFFF735
:1026D00073FB00BF8C010020880100201528010831
:1026E000988A010870B5404A05460023406802E018
:1026F0000133802B73D012F8011B8842F8D15A1194
:10270000012A68D0022A68D0032A6BD1374E384A92
:1027100003F01F04D36A6FF3080343F00703D36287
:10272000536943F470435361736823F4702323F4B3
:1027300080737360B2682F4B134043F46023B3601F
:10274000F36A23F47003F3620123B360B36D990657
:10275000FCD5B36D23F08003B365274BD3F8FC2081
:10276000D2010AD4D3F8FC2042F08072C3F8FC20D6
:10277000224A136843F00103136020494A6802F5B6
:10278000B4624B689B1A002BFBDB0523B360B26875
:1027900012F00402FBD1FE2819D1194A936843F4C0
:1027A00000039360A2F5FC32D2F8203843F4806332
:1027B000C2F82038642213492878FFF75DFA012314
:1027C000114A80F82A30C0E90864426070BD0321D4
:1027D00004F03EFBEEE70D4E99E70D4E97E73520EE
:1027E000FDF734FD064E92E7708B0108001C024095
:1027F00000100240FDF7F1FF00ED00E0001000E0E6
:1028000000080240E52601082D240108000C0240C2
:1028100000180240F8B52822044618490078FFF74E
:102820002BFAD4E901326F2B26D815490646180930
:1028300051F8205005B303F00F0301279F400439DE
:10284000002351F8044FA5420ED00133072BF8D1D5
:102850000020EFF3108472B6002104F0F9FA84F33B
:102860001088C6E90357F8BD97FAA7F11020B1FA0E
:1028700081F113FB0010ECE704F0E6FA15280108DB
:10288000F08B010838B50F4B1A7803789A4216D9A5
:102890000D4C226852F83310DD0081B90B490988CC
:1028A00069B90B4942F833102420FFF7CBF92368AC
:1028B0000849094A2B4458604160026138BD0B2029
:1028C000FDF7C4FC8C010020880100204800002096
:1028D00085280108BD1E0108912E010838B50D4B51
:1028E0001A7803789A4212D90B4C226852F83310A6
:1028F000DD0061B90949098849B9094942F833102D
:102900001420FFF79FF923682B44586038BD0B2033
:10291000FDF79CFC8C01002088010020480000206D
:10292000E923010838B50D4B1A7803789A4212D979
:102930000B4C226852F83310DD0061B9094909884F
:1029400049B9094942F833100C20FFF77BF9236895
:102950002B44586038BD0B20FDF778FC8C0100201B
:102960008801002048000020252901082DE9F843AE
:102970002F4B02781B78934251D92E4B2E491B685E
:1029800053F832408C4203EBC20348D1047A5D68AD
:10299000032C49D82B7C13F0060F45D14368C76838
:1029A000032B3ED8254A03EB430302EB830952F87D
:1029B0002360304604F0ECF98046A8B1204800239B
:1029C0001946013320FA03F2974226D2082BF7D199
:1029D00038212B7C0C4343F0040344F451742B74D2
:1029E000C5E90064BDE8F883304604F0D5F899F8ED
:1029F000071099F80400012204F02AFA99F8081047
:102A000099F80500424604F023FA99F8091099F85C
:102A10000600424604F01CFAD0E7C900D9E7FFF7E8
:102A2000CBF93620FDF712FC1C20FDF70FFC00BF90
:102A30008C01002088010020E9230108408B010857
:102A400000A24A042DE9F0473A4A03781278077B3E
:102A50009A4269D9384A126802EBC30152F833200E
:102A6000364B9A4260D1D0F804804D68B8F1020F1D
:102A70005CD8DFF8CC9059F83840204604F088F94B
:102A8000064640B12B7A2C6043F002037F002B7284
:102A90002F71BDE8F08709EBC809204604F07CF8E7
:102AA00099F804A099F80580012240F201115046DE
:102AB00004F0CEF9012240F20111404604F0C8F9B9
:102AC0004FF0FF3240F20111404604F0C1F94FF0DF
:102AD000FF3240F20111504604F0BAF9012240F2EF
:102AE0000111504604F0B4F9012240F201114046B0
:102AF00004F0AEF9504601224FF4A17104F0A8F998
:102B0000012240464FF4A17104F0A2F94FF40043B2
:102B10002360482326604FF4B47263604923E26166
:102B2000236201232360ADE7FFF746F93820FDF764
:102B30008DFB00BF8C0100208801002025290108A1
:102B4000288B010870B5114B02791B7893421AD972
:102B50000F4B10491B68044653F83200884203EBC0
:102B6000C20310D1257A0C4920785E6805F108026D
:102B7000FFF782F80571E16806602A460530BDE876
:102B8000704004F015BFFFF717F900BF8C0100205B
:102B900088010020E9230108452B01080346406B0A
:102BA00008B95861704770B502682A4CB0F908102E
:102BB0005A63426890F80CC0266806604589206018
:102BC0001982186B11441CF00104D96093F8441069
:102BD00018BF404228448E061863986805D51044F3
:102BE00098605D6134BB012070BD9E6911F01001D9
:102BF00032445E699A6108BF6D009A605D61002E83
:102C0000F0D0121A1DD4002CEDD021B112494A681F
:102C1000121A002AFBDBD3E90A14CA680E48624084
:102C2000CA604268D86999680244891A0029B8BF05
:102C30009A60D8E7D3E90A21D3684B40D3600120DA
:102C400070BD064DAA42A8BF9860DCDA1820FDF7D7
:102C5000FDFA00BF3C000020001000E080CDFDFF29
:102C600030B4D0E90814CA686240144CCA604169A3
:102C70006268C469CD072244034601F1FF3408D4D9
:102C800090F84410C90605D45C61012030BC9A60FC
:102C900070477CB1DD689969B3F910002944284474
:102CA000D860881A00289961EEDB5C61012030BC95
:102CB0009960704730BC8260FFF770BF001000E081
:102CC00038B5334B02781B78934259D9314B32498E
:102CD0001B6853F832408C4203EBC20350D15C684E
:102CE000EFF3108272B62D4D2B68002B4DD0196872
:102CF000296082F3108842685A6002895A81002A4A
:102D000040D0C168198100221A7372B694F8442029
:102D1000C2F3400002F00101884205D0197B41F066
:102D2000010182F0010219736169B9B912F0080159
:102D300004D02A681A602B6062B638BD606B84F8D4
:102D400044201960A8B1A26B1360A3632046FFF76B
:102D500025FF2046FDF786FA62B638BD616B84F820
:102D600044200020186039B1A26B1360A36362B6DF
:102D700038BDC4E90D33E9E7C4E90D3362B638BDA7
:102D8000FFF71AF81720FDF761FAFEF797FF00BF6B
:102D90008C01002088010020712501083C000020E2
:102DA000F8B5EFF3108772B690F82030DA071CD52B
:102DB000044623F00503C06984F8211043F004039E
:102DC0000E4684F8203050B10025D0E9002331466A
:102DD000E261C0E900559847E0690028F5D1044B4D
:102DE00000221A72034B01221A7087F31088F8BD73
:102DF0002800002058010020D0E90332996890F89B
:102E0000243011421CBFDB4303F00103DB070ED467
:102E100010B590F82630013B13F0FF0411D0836801
:102E2000826980F8264013448360012010BDC26986
:102E3000074990F8253080F82630C0E901120120BA
:102E4000704790F82710006AFFF7AAFF204610BDD0
:102E5000552E010810B4D0E9022301699C6890F84E
:102E60002430D0F814C00C421CBFDB4303F0010334
:102E7000DB07624403D5826010BC01207047034B1E
:102E800010BCC2614360FFF7B7BF00BFF92D010856
:102E900008B503460C38997DFFF782FF002008BD76
:102EA00030B5154B05781B78AB4283B022D9134B54
:102EB000134A1B6853F83510914203EBC50319D12F
:102EC0005C6872B601792046FFF76AFF2046FDF77D
:102ED0008BF904F10C00FDF787F9002294F82130FA
:102EE00084F8202062B6074800922946FDF7D0FA00
:102EF00003B030BDFEF760FF8C0100208801002088
:102F0000852801088C8A01082DE9F04F90F810B04F
:102F10001BF0060F85B036D01BF0020F1C4606468C
:102F200003680F4632D119684068814204D021F00D
:102F300040011960196818601BF00101019140F00F
:102F40000E81224494420DD2013C511E14F8012FEF
:102F50001A739A68D207FCD51A7BD2B207B12270D5
:102F6000A142F3D19A6802F08202022AFAD1019BAF
:102F70004BB10BF00809D6E902E1B9F1000F40F0BE
:102F8000D280CEF8101005B0BDE8F08F197FDFF8C1
:102F9000E8C19869D3E904A8890756BF4FEA0841F8
:102FA000CAF81080CAF81010DCF804500544DCF8A8
:102FB0000410491B0029FADB1BF00101019140F0CC
:102FC000B680DCF80410450801EB500CA0EB500073
:102FD000002AD8D0013ACDE902B654FA82FE514611
:102FE000654ABA46013C0F46197F14F8016F11F08B
:102FF00001014FF008094CD00021D2F804B0ABEB2E
:103000000C0BBBF1000FF8DBEFF3108B72B6D7F8A7
:103010000CC088EA0C0CC7F80CC08BF31088D3E9FD
:1030200002C716F0800F08BF3F04CCF81070576835
:1030300076004900F6B25FFA81FB07445168C91B6C
:103040000029FBDBD3E90478EFF3108C72B6F96842
:1030500081EA0801F9608CF3108819688F68596853
:103060000F40002F0CBF59464BF001015768B9F1D2
:10307000010907EB050C03D0D3E90478BDE7009CF8
:10308000BAF1000F00D02170744549D0D3E904781B
:10309000AAE70094D2F804B0ABEB0C0BBBF1000F25
:1030A000F8DBD3E902BC340658BF4FEA0C4CCBF82E
:1030B00010C0EFF3108B72B6D7F80CC08CEA080C76
:1030C000C7F80CC08BF310885768009C7600490045
:1030D000F6B2C9B207EB000C5768A7EB0C07002F3C
:1030E000FADB1F680094BF685C682740002F18BF98
:1030F00041F00101D3E904C7EFF3108B72B6DCF89D
:103100000C8087EA0807CCF80C708BF3108857689E
:10311000B9F1010907EB050CB1D0D3E90478B9E79F
:10312000DDE902B623E70904CEF810102BE71BF007
:10313000080FD6E902E10BF0080919D10D04CEF809
:1031400010500D4D6D6805EB500C4508A0EB50007C
:10315000002A7FF43FAFB9F1000FE4D111E71BF073
:10316000080FD6E902E100D10904CEF81010E8E614
:10317000CEF81010E5E700BF001000E070B5104B6E
:1031800004781B78A34218D90E4B0F4A196851F8DE
:103190003450954201EBC4010FD186680579486827
:1031A00033462A460121FFF7AFFE33462A46214621
:1031B0000648BDE87040FDF76BB9FEF7FDFD00BFA6
:1031C0008C01002088010020E9230108748A01088D
:1031D00070B50C4B02781B78934210D90A4B0B4CFC
:1031E000196851F83250A54201EBC20107D183683A
:1031F00002794868BDE870400021FFF785BEFEF700
:10320000DBFD00BF8C01002088010020E9230108BC
:10321000013808B503280FD8DFE800F00B080502D5
:103220001E20FDF713F81F20FDF710F81D20FDF7F5
:103230000DF82020FDF70AF808BD00BF70B4867FA6
:1032400084467EB100EBC600634600260122D3E926
:1032500008148D680833254218BF16435100834275
:10326000CAB2F4D19CF81030B34209D09CF81110C6
:1032700081EA0602D243D2B283EA0600024215D1A5
:103280009CF91C209CF81C308CF81160002A05DB8E
:10329000013BDBB2FF2B24D08CF81C30DCE902327E
:1032A0001344012070BCCCF80830704723EA0203B5
:1032B0009CF8122031400B43072A8CF81030DFD8DD
:1032C000511C62448CF812100949D37400230B720C
:1032D000084A8CF811600121FF2311708CF81C3012
:1032E000DCE7034A00211172024A01211170D3E781
:1032F0002800002060010020D0E9032170B5D368C8
:10330000446A4B40D360427F90F81CE0C57F013295
:10331000D2B28EF0010EAA4280F81CE0264605D3F8
:1033200017E05FFA8CF2AA42264412D200EBD203D5
:1033300002F0070193F828300B418EEA0303DB0704
:1033400002F1010CEDD5836842773344836001209C
:1033500070BD8368024A426033448360012070BDBF
:1033600009390108D0E9032110B4D368154C4B404A
:10337000D360437F017F646882680133DBB281F0F0
:103380000101012B01774377016A17D0042B04D880
:103390001144816010BC01207047436A1344E41A51
:1033A000A31C48BF631D01EBA30114444162064BFB
:1033B00043602144816010BC01207047A41A44621C
:1033C000E6E700BF001000E0F9320108D0E909216A
:1033D000926803460A4080699968003A18BF012242
:1033E00000F0010C62455A6918BF0130A2EB0102DE
:1033F00018BFC3E90601002A04DBDA680A44012089
:103400009A60704710B41A6993F82000094C0A4476
:1034100040F001005A61002283F820002272064A1F
:10342000996801201070DA6810BC0A4401209A6083
:10343000704700BF280000206801002030B500F16F
:103440000C0203468C4692E8030085B004AA1433AC
:1034500002E9030093E803001F4ACDE900010821B7
:103460001CF0800F29D150681C3053681B1A002BA8
:10347000FBDBDDE90205EFF3108472B6C3686B4035
:10348000C36084F3108850681C3053681B1A002BEB
:10349000FBDB4FEA4C0CDDE902045FFA8CFCEFF336
:1034A000108E72B6C3686340C3608EF31088013912
:1034B00011F0FF01D4D105B030BDDDE90003EFF319
:1034C000108472B6C5686B40C36084F310886FEADD
:1034D0000C0C5FFA8CFCC6E7001000E02DE9F84FF9
:1034E00017460D4617F801BBD0F800A04668194CE6
:1034F0000BF0F00191468046FFF7A0FF6368A3EB55
:103500000A039E42FAD84FEA0B1101F0F00140463F
:10351000FFF794FF012D6468D8F8086016D0A9441D
:103520000C4D17F801AB40460AF0F001FFF786FF9B
:103530006B681B1B9E42FBD84FEA0A1101F0F00199
:103540004046FFF77BFF4F456C68EAD1C8F8004062
:10355000BDE8F88F001000E02DE9F04F00F11403F2
:1035600002460F4693E8030097B00AAE02F11C032F
:1035700086E8030093E8030008AD02F1240385E820
:10358000030093E8030006AC02F12C0384E8030077
:1035900093E803000DF1100E02F134038EE80300EE
:1035A00093E803000DF1080C8CE8030096E8030093
:1035B0000DF1500989E8030095E803000DF1480872
:1035C000137A88E8030094E803000DF1400A8AE8C2
:1035D0000300DDE914B001909EE803000DF1380A04
:1035E0008AE803009CE803000DF1300A8AE8030032
:1035F0007B40EFF3108A72B6DBF80C10019848405C
:10360000CBF80C008AF31088D90661D498066CD4E4
:10361000590677D41B0600F183805E4B5868213031
:103620005968091A0029FBDBDDE9140BEFF3108A56
:1036300072B6C16881EA0B01C1608AF31088390152
:10364000C9B211725A685348263243689B1A002B3C
:10365000FBDB81EA070396E8030089E8030095E8AD
:10366000030088E8030094E8030010AA82E803003E
:103670009EE803000EAA82E803009CE803000CAA5F
:1036800082E80300149C1598EFF3108172B6E2688B
:103690004240E26081F31088D8066FD4990662D464
:1036A0005A0649D41B0653D43A494A6821324B681A
:1036B0009B1A002BFBDBDDE91423EFF3108172B6BC
:1036C000D0684340D36081F3108817B0BDE8F08F15
:1036D000DDE9120BEFF3108A72B6C16881EA0B01C3
:1036E000C1608AF31088980692D5DDE9100BEFF3DC
:1036F000108A72B6C16881EA0B01C1608AF3108832
:10370000590687D5DDE90E0BEFF3108A72B6C16852
:1037100081EA0B01C1608AF310881B067FF57DAF3B
:10372000DDE90C1AEFF3108072B6CB6883EA0A0366
:10373000CB6080F3108870E7DDE90E14EFF31080A2
:1037400072B6CA686240CA6080F310881B06ABD5A7
:10375000DDE90C23EFF3108172B6D0684340D360EB
:1037600081F31088A0E7DDE91014EFF3108072B642
:10377000CA686240CA6080F3108891E7DDE91214DC
:10378000EFF3108072B6CA686240CA6080F3108896
:1037900084E700BF001000E0074B00221A72C27FCE
:1037A0008368D0F80CC00549634442F00102C27737
:1037B0008360012008707047280000206C01002001
:1037C000027D0549034642F0010200201A75087285
:1037D000024B01221A70704728000020700100205F
:1037E000427D0549034642F0010200205A750872E5
:1037F000024B01221A70704728000020740100203B
:1038000038B50446437F4069D4F818C0856804EB96
:10381000D30003F007020121914090F8282015EA17
:103820000C0F1ABF0A43D2B28A4380F82820A27F25
:103830000133DBB29A4206D9A268616A63770A440F
:10384000A260012038BD237F9A060ED4D4E903215B
:1038500011610A4A03F0300343F009030020237783
:103860001072074B01221A7038BD04F10C0393E863
:103870000300012203F00AFC237FEAE7280000206E
:1038800064010020D0E9053110B59B68027F0B4030
:1038900004460DD042F004020277637F5A1C3F2B8E
:1038A00062770ED8A368626A13440120A36010BD3A
:1038B0005107F2D5114A4377BDE810404260FFF747
:1038C0009FBF237F0022A2779A0613D504F10C0331
:1038D00093E80300012203F0D9FB237F084A03F099
:1038E000300343F00903002023771072054B0122B7
:1038F0001A7010BDD4E903211161EFE70138010806
:10390000280000206401002038B5027F817F044632
:1039100002F0200309B353B9A368606A224A002168
:1039200003EB80036177C4E90123012038BD4569B9
:103930001E4902F01002002351F8040FA84225D0BE
:103940000133072BF8D10020EFF3108572B6002168
:1039500003F07EFA85F31088DEE773B9D0E903310E
:103960001961134B02F0300242F009020020227765
:103970001872104B01221A7038BD00F10C0301229D
:1039800093E8030003F082FB227FEAE7A06990FA44
:10399000A0F10028B1FA81F14FF0100008BF4FF0FC
:1039A000FF3113FB0010CFE785380108EC8B0108CD
:1039B00028000020640100202DE9F047714C80466A
:1039C0000D46082602272B0669D4002F40F08F8071
:1039D00000276268D8F824306D00EDB21A4463689D
:1039E0009B1A002BFBDBDFF8A091D8F810004A46A9
:1039F000002352F8041F88426AD00133072BF8D104
:103A00000020EFF3108A72B60122002103F020FAA1
:103A10008AF310886268D8F824301A4463689B1AC5
:103A2000002BFBDB98E80300002203F02FFB013E94
:103A3000C9D1002F72D05349D8F824304A681A44AB
:103A40004B689B1A002BFBDBD8F81010002359F8A9
:103A5000042F914278D00133072BF8D1EFF3108473
:103A600072B601220021304603F0F2F984F3108887
:103A7000D8E9062343499468D8F824004A681C40D2
:103A800002444B689B1A002BFBDB98E803000022E2
:103A900003F0FCFA201E18BF0120BDE8F087012FBB
:103AA00014D0D8F81800384A002352F8041F814275
:103AB00025D00133072BF8D10020EFF3108772B621
:103AC0000122002103F0C4F987F31088012780E761
:103AD000D8F81420002A92FAA2F2B2FA82F24FF039
:103AE000100108BF4FF0FF3213FB012089E708F1F6
:103AF000080393E80300002203F0C8FA68E7D8F847
:103B00001C20002A92FAA2F2B2FA82F24FF01001BF
:103B100008BF4FF0FF3213FB0120CEE7D8F81800A2
:103B2000194A3B4652F8041F81421CD00133072B2F
:103B3000F8D1EFF3108472B601223846002103F069
:103B400087F984F3108876E7D8F81420002A92FACF
:103B5000A2F2B2FA82F24FF0100608BF4FF0FF3225
:103B600013FB06267AE7D8F81C20002A92FAA2F264
:103B7000B2FA82F24FF0100708BF4FF0FF3213FB8A
:103B80000727D6E7001000E0EC8B0108F8B5394EA6
:103B9000436A726805460C461A4473689B1A002BE8
:103BA000FBDB354EA8693246002352F8041F8142E0
:103BB00043D00133072BF8D10020EFF3108772B602
:103BC0000122002103F044F987F3108829690023BA
:103BD00056F8042F8A423ED00133072BF8D100203B
:103BE000EFF3108672B60122002103F031F986F35B
:103BF0001088204E6B6A72681A4473689B1A002BF7
:103C0000FBDB05F1080393E80300002203F03EFA12
:103C100072686B6A17491A444B689B1A002BFBDBCE
:103C200095E80300002203F031FA21462846FFF709
:103C3000C3FE012808BF0320F8BDEA69002A92FAF2
:103C4000A2F2B2FA82F24FF0100108BF4FF0FF3239
:103C500013FB0120B1E7696991FAA1F20029B2FAD8
:103C600082F24FF0100108BF4FF0FF3213FB01202A
:103C7000B6E700BF001000E0EC8B010800F108037C
:103C800070B50022054693E8030003F0FFF92A49C6
:103C90006B6A4A681A444B689B1A002BFBDB274C63
:103CA00028692246002352F8041F814228D001339C
:103CB000072BF8D10020EFF3108672B60122002105
:103CC00003F0C6F886F310881B496B6A4A681A44E9
:103CD0004B689B1A002BFBDBA969002354F8042FC7
:103CE00091421BD00133072BF8D10020EFF3108451
:103CF00072B60122002103F0ABF884F3108870BD86
:103D0000696991FAA1F20029B2FA82F24FF010012A
:103D100008BF4FF0FF3213FB0120CCE7EA69002A0D
:103D200092FAA2F2B2FA82F24FF0100108BF4FF0FD
:103D3000FF3213FB0120D9E7001000E0EC8B0108F3
:103D400010B5184B02781B78934228D9164B1749A7
:103D50001B6853F832408C4203EBC2031FD15C68EE
:103D60000379E27E1A44E27672B6A27C9A4205D8C2
:103D70000022FE23A274237762B610BDD21AD0B2FD
:103D8000123304F11202234402EB000C13F8011F5A
:103D900002F8011F6245F9D1A07462B610BDFEF7AA
:103DA0000BF800BF8C01002088010020FD400108B5
:103DB0002DE9F04F4B4B04781B78A34283B040F2BF
:103DC0008F80494B494A1B6853F83410914203EBEA
:103DD000C40340F085805D684548D5E90312436817
:103DE0005B1A9A42FBD895E8030002AB03E9030093
:103DF000AE8A3F4BD5F808C05F6805F1160E9EB33A
:103E000006EB0E0B1EF8011B08200A0630D55A6877
:103E1000D21BB32AFBD972B6DDF800A0D3F8048018
:103E2000019EDAF80C207240CAF80C2062B6A8EBAA
:103E30000707BC4545D949005A68A2EB0802732A16
:103E4000FAD972B6DDE90092D9F80C707A40C9F857
:103E50000C2062B65F685A68D21B1C2AFBD9013855
:103E60004746D2D1DE45CDD1214B01225B682FE000
:103E70005A68D21BB32AFBD972B6DDF80090D3F88A
:103E80000480DDF804A0D9F80C208AEA0202C9F8FF
:103E90000C205A68A2EB08021C2AFAD9D9F80C2087
:103EA0008AEA0202C9F80C2062B6A8EB0707BC45F3
:103EB00007D901384FEA41014746A6D1DE45A1D1D5
:103EC000D2E7DDE900130A4A1B040B6153680022A4
:103ED0000848EB60214603B0BDE8F04FFCF7D8BAC4
:103EE000FDF76AFF8C01002088010020614601086F
:103EF000001000E0448A010838B50F4B02781B78A7
:103F0000934217D90D4B0E491B68044653F83200F3
:103F1000884203EBC2030DD15D68F8212846FFF704
:103F20008DFA217901B938BDA2682846BDE838402C
:103F3000FFF7D4BAFDF740FF8C0100208801002074
:103F4000A946010838B50F4B02781B78934217D960
:103F50000D4B0E491B68044653F83200884203EBB0
:103F6000C2030DD15D68FA212846FFF767FA21796F
:103F700001B938BDA2682846BDE83840FFF7AEBA9F
:103F8000FDF71AFF8C01002088010020A9460108D6
:103F90002DE9F843194B02781B7893422CD9184B22
:103FA00018491B6853F832408C4203EBC20323D1FB
:103FB0005F68D7E903231B0413610179D0F80890E7
:103FC0004B1ED7E90025DBB299B109F101060E4C71
:103FD00006EB03084B46B146197863689B1A9D426D
:103FE000FBD83846FFF7B8FA4645626801D001367B
:103FF000F0E73A60BDE8F883FDF7DEFE8C010020B3
:10400000880100203D470108001000E02DE9F84339
:10401000194B02781B7893422BD9184B18491B680F
:1040200053F832408C4203EBC20322D15F68D7E9D8
:1040300003321A610179D0F808904B1ED7E90025A8
:10404000DBB299B109F101060E4C06EB03084B46B1
:10405000B146197863689B1A9D42FBD83846FFF732
:104060007BFA4645626801D00136F0E73A60BDE868
:10407000F883FDF7A1FE00BF8C010020880100201D
:104080003D470108001000E008B52220FCF7DEF8EB
:10409000C1690269B1F808C002FB0CF208B502F56B
:1040A00080420346C068D1F800E0C3F81CE0D20BA0
:1040B0000260104A10680860D86911601A8B50B904
:1040C000944507D0586928B19A680B490244C3E95E
:1040D0000112012008BD9445416801D05A690AB90E
:1040E0009960F6E798680244521A002AF8DA21200B
:1040F000FCF7ACF83C0000208940010810B50479B9
:10410000082C09D8221D06490078D200FDF7B4FD1D
:10411000044B8477436010BD2520FCF797F800BF5F
:10412000FD4001083D32010838B5057A032D1BD842
:104130000F49044620220078FDF79EFD0D4B0E49E5
:104140001A78237941609A420CD90C4A126802EB22
:10415000C30152F833200A4B9A4203D14B6885774A
:10416000836138BDFDF728FE2A20FCF76FF800BFF9
:10417000294101088C01002099370108880100209D
:10418000E923010810B50D49044650220078FDF7D7
:1041900073FD0B4B22791B780A49416093420BD97E
:1041A000094B0A491B6853F832408C4203EBC203A7
:1041B00002D15B68036110BDFDF7FEFD854101087A
:1041C0008C010020C137010888010020E923010883
:1041D00000B5014683B0D1E901236846097803F0B0
:1041E00031F903B05DF804FB30B5044683B0D0E983
:1041F00002230179684603F025F911492078242229
:10420000FDF73AFD0346DDE9000103F10C0282E807
:1042100003000C49D4E904040988188300220A48E1
:104220005C61C3E90722586039B9084B1A780B2A38
:104230009CBF0C221A7003B030BDFDF743FD00BFD8
:10424000E941010848000020914001084000002099
:1042500038B51A4B02781B78934229D9184B194963
:104260001B68054653F83200884203EBC2031FD196
:104270005C682046FBF7B8FF6A68A260A868E06047
:104280002A7C00210B4662F3070362F30F234FF4ED
:104290007E42A1742382A4F81B20EB6863771B067F
:1042A00008D400B938BD2046BDE83840FBF7DABF76
:1042B000FDF782FD2320FBF7C9FF00BF8C01002022
:1042C00088010020FD40010838B5104B02781B78AA
:1042D000934219D90E4B0F491B68054653F832001B
:1042E000884203EBC2030FD15C682046FBF77CFFDA
:1042F0006B68A360AA68E260EA682046C4E9042308
:10430000BDE83840FBF7AEBFFDF756FD8C0100203D
:10431000880100202945010838B5144B02781B7824
:10432000934220D9124B13491B68044653F83200BC
:10433000884203EBC20316D15D682846FBF754FFA1
:104340006368AB60A368EB6003B938BDE3682B61B9
:1043500023696B6162692A7700236B772846BDE881
:104360003840FBF77FBFFDF727FD00BF8C01002021
:10437000880100202941010838B5144B02781B78C8
:10438000934221D9124B13491B68054653F832005A
:10439000884203EBC20317D15C682046FBF724FF79
:1043A000002323756A6802B938BDE260C4F816308C
:1043B000A37672B6084AE368526813442046A360A5
:1043C000FBF750FF62B638BDFDF7F6FC8C0100200C
:1043D0008801002085410108001000E038B5234B1A
:1043E00002781B7893423CD9214B22491B6853F831
:1043F00032408C4203EBC20333D15D68EFF310828D
:1044000072B61D4B1C68002C2DD02168196082F3F8
:104410001088436863608368238172B6EB69002269
:10442000226023B12B6A1C602C6262B638BDC5E9DC
:10443000074462B62846FBF7D7FE104A69686368EE
:10444000914207D00E4A2846C5E90123BDE838400D
:10445000FBF708BFAA68D21A002AF3DA2120FBF77B
:10446000F5FEFDF7A9FCFDF729FC00BF8C0100203B
:1044700088010020E94101083C0000208940010832
:10448000914001082DE9F041234B02781B789342BB
:1044900040D9224B22491B6853F832408C4203EB2F
:1044A000C20337D15D680679AB7FB3422FD9D0E91B
:1044B00002326F2B4FEA131027D81A4951F82040C7
:1044C0001CB303F00F0301279F400439002351F868
:1044D000040F844211D00133072BF8D10020EFF3F1
:1044E000108872B6002102F0B3FC88F3108805EB47
:1044F000C605C5E90847BDE8F08197FAA7F1102085
:10450000B1FA81F113FB0010E9E702F09DFC2420D1
:10451000FBF79CFEFDF750FC8C0100208801002079
:10452000FD400108F08B0108F8B52C22044619491A
:104530000078FDF7A1FBD4E901326F2B28D816498A
:104540000646180951F8205015B303F00F03012750
:104550009F400439002351F8044FA54210D0013385
:10456000072BF8D10020EFF3108472B6002102F07F
:104570006FFC84F31088094B7360C6E90957F8BDD6
:1045800097FAA7F11020B1FA81F113FB0010EAE7C6
:1045900002F05AFC29450108F08B0108CD330108CF
:1045A0002DE9F04F064634222B49007883B0FDF701
:1045B00063FB96F808A07768D6F80C90BAF1000271
:1045C00018BF01226F2F45D824493B0951F82340D9
:1045D000002C3FD007F00F034FF0010808FA03F852
:1045E00005460439002351F8040F84422AD00133D0
:1045F000072BF8D10020EFF3108B72B6002102F0E8
:1046000027FC8BF31088012249466846C5E9054816
:1046100002F052FEDDE9000105F10C0383E803001E
:10462000A7EB0907BAF1000FB7FA87F732692A62D8
:104630000CBF012311237F0943EA47132B7703B0F3
:10464000BDE8F08F98FAA8F11020B1FA81F113FBC0
:104650000010D0E702F0F8FBA1450108F08B01083B
:1046600030B5044683B041680022684602F024FE5B
:10467000A3681A0413D49DB205F1180209492078E1
:1046800092B2FDF7F9FA03469DE8030083E80300C0
:10469000E2689A6022699D821A6103B030BD2820C9
:1046A000FBF7D4FD61460108F0B5224983B0054609
:1046B0001C220078FDF7E0FAA9680446002268464B
:1046C00002F0FAFDDDE9000104F10C0383E80300C8
:1046D0000022E968684602F0EFFDDDE9000104F11F
:1046E000140383E8030001226968684602F0E4FDD0
:1046F0002046F821FEF7A2FE20212046FEF79EFE6E
:1047000072B60D4F002120467E68FEF797FE7B684B
:1047100062B6236029699A1B8A4202D2F01A0144C8
:10472000616069698A4202D2F61A0E44A66003B03B
:10473000F0BD00BFA9460108001000E0F0B52E4909
:1047400083B005463C220078FDF796FA6968064674
:104750000022684602F0B0FDDDE9000106F10C031D
:1047600083E803000022A968684602F0A5FDDDE9A0
:10477000000106F1140383E803000022E96868469B
:1047800002F09AFDDDE9000106F11C0383E8030055
:1047900000222969684602F08FFDDDE9000106F17B
:1047A000240383E8030000226969684602F084FD5F
:1047B000DDE9000106F12C0383E803000022A9696A
:1047C000684602F079FDDDE9000106F1340383E873
:1047D000030072B6094F002130467C68FEF7BCFE2C
:1047E0007A6862B6EB69111B994202D2A41A1C4482
:1047F000746003B0F0BD00BF3D470108001000E049
:104800002DE9F041244B02781B7893423FD9234B8A
:1048100023491B6853F832408C4203EBC20336D164
:104820005C68257F15F0020801D0BDE8F0810679AB
:104830008168077B0A2E2CD80A2F2AD8324604F129
:10484000280005F0310503F0B3F845F00205FF003C
:10485000F30084F81D802577E377A7772EB194F8CD
:10486000283003F03F032A2B0FD0226A0D4B6262DF
:10487000636072B60C4B5B6803F5E1432046A360AE
:10488000FBF7F0FC62B6BDE8F081084BF0E7FDF7FE
:1048900093FA2620FBF7DAFC8C0100208801002027
:1048A000A1450108F9320108001000E06533010854
:1048B00010B5124B02781B78934219D9104B11494D
:1048C0001B6853F832408C4203EBC20210D143689C
:1048D0005468D0E9022118040CD4A08A03EB020C1E
:1048E000844507D81633E018BDE8104003F060B8DF
:1048F000FDF762FA2720FBF7A9FC00BF8C0100201E
:1049000088010020614601082DE9F04390F81080ED
:10491000D0F81490B8F1030F85B04BD8294B02782A
:104920001B789342054648D9274B28491B6853F802
:104930003200884203EBC2033FD1254A254914685F
:104940005F6804F120038B4239D8136000212022D4
:1049500002AE204602F0ACFF69680122304602F048
:10496000C3FB96E8030084E803000022A9686846B8
:1049700002F0A2FCDDE9000104F1080383E8030072
:104980000022E968684602F097FCDDE9000104F1C5
:10499000100383E8030084F81C80C4F818903B7C63
:1049A00013F0060F06D143F002033C603B7405B0E0
:1049B000BDE8F0831C20FBF749FCFDF7FDF9112051
:1049C000FBF744FC8C01002088010020E92301084A
:1049D000B000002000FE01202DE9F0412F4B0278AD
:1049E0001B78934284B054D92D4B2E491B68054641
:1049F00053F83200884203EBC2034AD12A4A2B49BA
:104A00001468D3F8048004F128038B4243D8136060
:104A100000212822204602F04BFFEB6863622B69DD
:104A20000122934084F8203002AF6968384602F0D2
:104A300043FC97E8030084E80300012269686846A4
:104A400002F052FBDDE9000104F1100383E80300EA
:104A50000122A968384602F02FFC97E8030004F110
:104A6000080383E803000122A968684602F03CFBC2
:104A7000DDE9000104F1180383E8030098F8083029
:104A8000C8F8004043F0010388F8083004B0BDE8DE
:104A9000F081FDF791F91120FBF7D8FB8C01002084
:104AA0008801002025290108B000002000FE012017
:104AB000F0B51B4B02781B78934287B02DD9194B68
:104AC00019491B68044653F83200884203EBC203BD
:104AD00023D15D68154E2869B923ADF81430022240
:104AE00005AB01217768FEF70FFA9DF81520736872
:104AF00022F08002202A0ED8288B21780290A87EEE
:104B000002EB820C60440190EC8A09480094DB1BA4
:104B10003A46FBF7BDFC07B0F0BDFDF74DF900BF0D
:104B20008C0100208801002085410108001000E070
:104B3000148A01082DE9F04F1E46037A046883B0F9
:104B4000DF071546DDF830900A4640F1A2800029C3
:104B500040F0158194F82010204641F00101FFF744
:104B600015F8002840F06181013EB24D01905FFAD6
:104B700086F84FF0100ADFF8C0B2A0695A46002349
:104B800052F8041F814200F030810133072BF7D126
:104B90000020EFF3108672B60122002102F058F9CE
:104BA00086F3108808270026CDF800806A68636ABB
:104BB0001A446B689B1A002BFBDB21695B460020C3
:104BC00053F8042F8A4200F0F08001300728F7D113
:104BD0000020EFF3108872B60122002102F038F9AC
:104BE00088F310886A68636A1A446B689B1A002B02
:104BF000FBDBD4E906329B687600134094E803009F
:104C00000022F6B2934218BF46F0010602F03EFAC7
:104C1000013FCBD1DDF80080B8F1000F40F0D1802A
:104C20006A68636A1A446B689B1A002BFBDB216974
:104C300000235BF8042F8A4200F0CB800133072B5E
:104C4000F7D1EFF3108B72B601223846002102F043
:104C5000FFF88BF310886A68636A1A446B689B1AC2
:104C6000002BFBDB08F1FF3894E8030000225FFA19
:104C700088F802F00BFAB8F1FF0F09F8016B7FF426
:104C80007AAF019F2046FEF7F9FF384603B0BDE832
:104C9000F08FDFF8A0810179D8F8043003F52F2BCD
:104CA00041F0010A0BF5486B002A39D151465B46A9
:104CB0003246204602F082FB0128074600F0B3800E
:104CC000002840F0AC80721E5A48D2B240F2012552
:104CD000636913F4886F04D14368A3EB0B03002BC3
:104CE000F6DBEFF3108172B62369012ADBB200F024
:104CF000888081F31088013AD2B2FF2A09F8013B7B
:104D0000E6D14C4A05E05368A3EB0B03002B80F27D
:104D10008E8063695D06B8D55805F4D50127B4E7E0
:104D20005B462046009202F049FB009A01280746A4
:104D30002A4408BF032797B915F8013B236163692B
:104D4000190608D45B0565D4D8F80430A3EB0B032F
:104D5000002BF4DB02279542EDD1002FA6D040F2C4
:104D60000123344A236006E05B058ED45368A3EB2D
:104D70000B03002B89DA6369190686D5F4E70091E5
:104D8000204694F82010FEF701FF002840D1009A39
:104D900005EB020805E015F8011BFEF70DFE0028E3
:104DA0003FD145452046F6D1D4E6626992FAA2F396
:104DB000002AB3FA83F308BF4FF0FF3310FB0A3029
:104DC00007E704F1080393E803003A4602F05EF9AE
:104DD00026E76769002F97FAA7F7B7FA87F708BFA2
:104DE0004FF0FF3713FB0A772BE7E269002A92FAAC
:104DF000A2F2B2FA82F208BF4FF0FF3213FB0A2090
:104E0000C7E6256081F31088002209F8013B5FE7BF
:104E1000032737E795424FF001078CD19DE7022722
:104E20009DE707462EE7042799E704272AE702278C
:104E30002BE700BF001000E0EC8B01082DE9F04FDC
:104E4000544A85B012780678B24202AF40F2A08090
:104E5000514A52491268034652F83600884202EB22
:104E6000C60240F0958093F80C80506893F8049047
:104E70009C6808F1070202F4FC72ADEB020D0DF123
:104E8000080BB8F1000F14D0CDF800B02246494607
:104E90004346FFF74FFE5FFA80FA4148CDF800B075
:104EA000434652463146FBF7F3FA0C37BD46BDE8A0
:104EB000F08F037A0568DB0716D595F82010284691
:104EC000FEF764FE824600284ED1A14406E014F8A5
:104ED000011B2846FEF770FD00284DD1A145F6D1F3
:104EE0002846FEF7CBFED8E7DFF8B8A00179DAF85C
:104EF000043003F52F2303F548634A4628467B60B8
:104F000002F05CFA09F1FF3201287B6808BF032038
:104F1000D2B2B9F1000F13D0611C114480B914F85A
:104F2000012B2A616A6912F0800F07D152051ED445
:104F3000DAF80420D21A002AF4DB02208C42EDD1E8
:104F400040F2012217492A6005E0520516D44A684A
:104F5000D21A002A17DA6A6912F0800AF5D10028FD
:104F60009BD05FFA80FA98E74FF0030AB8E78C42CB
:104F70004FF00100D2D1E3E78246B1E74FF0010ADA
:104F800000288AD0EDE74FF0020A002885D0E8E734
:104F9000FCF712FF8C010020880100202529010860
:104FA000688A0108001000E070B582B016461D4600
:104FB0000A46009304469DF818100F483346FBF745
:104FC00067FA15B92369B3420FD9637F227F013392
:104FD000DBB29A42637701D902B070BD074B9B7A6E
:104FE0003BB10023637702B070BD6369B342F8D26E
:104FF000EBE72920FBF72AF92C8A0108280000207A
:10500000F0B587B004460022F2230393049203AB69
:105010008DF81420006909220D460121FDF774FF67
:10502000A37E9DF80E2003F11B010F2A21441FD9F6
:1050300002F0F000F0281BD023444FF0FF32C1F8FB
:105040000120DA76A37E0533DBB22E2BA37652D86D
:10505000237D23F00103237572B6364AE368526854
:1050600013442046A360FBF7FDF862B607B0F0BD1D
:105070009DF810000F2839D89DF812C0BCF10F0F11
:1050800003D90CF0F006F02ED6D19DF81360902EC7
:10509000D2D19DF8146026F08006202ECCD802F0E4
:1050A0001F0242EA4C124FEA8C0C0CF0600C9DF887
:1050B0000F709DF811E000F01F004CEA00004FF067
:1050C000000C67F3070C6EF30F2C234462F3174CAC
:1050D00060F31F6C9DF80D20DA76C1F801C0A37E45
:1050E0000533DBB22E2BA37613D905E000F0F006D2
:1050F000F02EA1D1C0E7002604F11B020092E28A43
:105100000D482946FBF7C4F9E38A00220133A27651
:10511000E3821E2E0AD9238B01332383074B0022FF
:105120001A72074B01221A7007B0F0BD012E8FD9F9
:10513000F4E700BF001000E0088A01082800002002
:1051400070010020027E0549034642F00102002062
:105150001A760872024B01221A707047280000204C
:1051600078010020027E0549034642F0010200203A
:105170001A760872024B01221A707047280000202C
:105180007C010020427B0169D20703460AD5428D8B
:10519000032001325A85587389009A680A44012015
:1051A0009A607047D0E9062092680240F5D110B4A9
:1051B000064C012058732272054A10709A6810BC80
:1051C000C9000A4401209A60704700BF28000020EF
:1051D00080010020027FC168034642B1028C013287
:1051E000890002849A680A4401209A607047D0E9D5
:1051F000042092680240F5D110B4064C01201877C3
:105200002272054A10709A6810BCC9000A44012035
:105210009A6070472800002084010020027D034628
:10522000D00702D5198B01311983910704D5D3E931
:1052300014018068084208D1074942F001020020A9
:105240001A750872054A01211170D3E902210A4436
:1052500001209A60704700BF2800002090010020C4
:10526000027D510703460ED5C27D0132C275084A40
:10527000002111729A68D3F80CC0064901206244DB
:1052800008709A60704742F004020275EFE700BFB1
:10529000280000209401002030B5847D521A24B1EA
:1052A000651E0121A9400A44E240017FFE2A01F166
:1052B000030C01F101045FFA8CFC01F1020E0DD820
:1052C000DDB2D2B2C3F3072301444A7702195577FE
:1052D00000EB0E02537780F81CC030BDFF22012581
:1052E0000023F1E772B6024B024A9D461047704711
:1052F00000000220296C0108FEE700BF174A13686E
:1053000013F0280F14D1190600D47047134BDA6834
:105310001206FAD5124913480A780078904215D936
:1053200010B4114C501C0870A25C5A6010BC70473D
:1053300051687E290ED00D480278BF2AE3D802F1C9
:10534000010C80F800C00A488154DCE742F22C02CC
:10535000DA607047074A00201072ECE7003801401D
:10536000AD000020AC0000204C00002060020020B6
:10537000A00100202800002008B53220FAF766FFBF
:1053800070B5502204461B490078FCF775FCA368F1
:10539000194A4260BBB1012B25D1184A21791278F4
:1053A0008A421ED9164A174D126852F83160AE4231
:1053B00002EBC10215D152680375E3680261012B4B
:1053C00014D8837570BD0D4A217912788A4208D9A4
:1053D0000B4A0D4D126852F83160AE4202EBC10229
:1053E000E9D0FCF7E9FC2C20FAF730FF2B20FAF784
:1053F0002DFF00BF81530108E13701088C01002017
:105400008801002025290108E923010810B50D496C
:10541000044654220078FCF72FFC0B4B22791B78B2
:105420000A49416093420BD9094B0A491B6853F85A
:1054300032408C4203EBC20302D15B68036110BDB2
:10544000FCF7BAFC0D5401088C01002045510108FD
:10545000880100202529010810B50D490446542271
:105460000078FCF709FC0B4B22791B780A49416054
:1054700093420BD9094B0A491B6853F832408C42BE
:1054800003EBC20302D15B68036110BDFCF794FC1F
:10549000595401088C010020655101088801002041
:1054A0002529010810B50F4B027819788A4217D2C6
:1054B0000D4B1B6853F8324003EBC20C0B4A94426D
:1054C0000ED10279DCF804008A4209D253F8324046
:1054D00007498C4203EBC20302D15B68036610BD2F
:1054E000FCF76AFC8C010020880100201173010880
:1054F0008957010810B50F4B027819788A4217D2E4
:105500000D4B1B6853F8324003EBC20C0B4A94421C
:105510000ED10279DCF804008A4209D253F83240F5
:1055200007498C4203EBC20302D15B68836510BD5F
:10553000FCF742FC8C010020880100204971010821
:105540008957010810B50D4904465C220078FCF724
:1055500093FB0B4B22791B780A49416093420BD98C
:10556000094B0A491B6853F832408C4203EBC203D3
:1055700002D15B68036110BDFCF71EFC45550108B4
:105580008C0100201D5201088801002025290108F6
:1055900010B50F4B027819788A4217D20D4B1B6851
:1055A00053F8324003EBC20C0B4A94420ED10279FD
:1055B000DCF804008A4209D253F8324007498C4291
:1055C00003EBC20302D15B68836510BDFCF7F4FBFB
:1055D0008C010020880100204555010889570108E9
:1055E00038B5057A052D1ED8124904465022007898
:1055F000FCF742FB104B11491A78237941609A421B
:105600000FD90F4A126802EBC30152F833200D4B39
:105610009A4206D14B6803611B7CDB0706D54575B2
:1056200038BDFCF7C9FB3120FAF710FE3020FAF73D
:105630000DFE00BFE15501088C01002061520108F8
:1056400088010020E923010810B5134B02781B786C
:1056500093421DD9114B12491B6853F832408C42BA
:1056600003EBC20314D15B6800225A7019780279E7
:1056700091420FD9C2EBC20203EB82030C33021D2D
:10568000183052F8041F43F8041F8242F9D110BDAC
:10569000FCF792FBFFF770FE8C01002088010020D0
:1056A0005161010810B5114B02781B78934218D94B
:1056B0000F4B10491B6853F832408C4203EBC20376
:1056C0000FD15B6800225A701978027991420AD989
:1056D000C2EBC20203EB820382685A62C2689A621A
:1056E00010BDFCF769FBFFF747FE00BF8C010020EF
:1056F000880100205161010810B50E4B02781B781B
:10570000934214D90C4B0D491B6853F832408C421C
:1057100003EBC2030BD15B6842689A608268DA606F
:10572000C26802F03F02DA7002691A7110BDFCF71C
:1057300043FB00BF8C01002088010020516101085B
:1057400010B50E4B02781B78934213D90C4B0D49C0
:105750001B6853F832408C4203EBC2030AD15B68EA
:1057600002791978914207D35A70826802F03F0299
:105770009A7010BDFCF720FBFFF7FEFD8C010020A6
:10578000880100205161010810B5342204460B49FC
:105790000078FCF771FA0A4B22791B7893420BD9F7
:1057A000084B09491B6853F832408C4203EBC20393
:1057B00002D15B68836010BDFCF7FEFA89570108CF
:1057C0008C010020880100205161010810B50B4BAD
:1057D00002781B7893420ED9094B0A491B6853F88B
:1057E00032408C4203EBC20305D15B6842681A6009
:1057F00082685A6010BDFCF7DFFA00BF8C01002000
:10580000880100208957010810B50B4B02781B78DE
:1058100093420ED9094B0A491B6853F832408C4217
:1058200003EBC20305D15B6842681A758268DA60CF
:1058300010BDFCF7C1FA00BF8C01002088010020D8
:105840008957010838B5144B02781B78934221D947
:10585000124B13491B68054653F83200884203EB8C
:10586000C20317D15C682046FAF7BEFC00236375BB
:105870006A6802B938BDE260E375A361237772B646
:10588000084AE368526813442046A360FAF7EAFC2A
:1058900062B638BDFCF790FA8C0100208801002028
:1058A00081530108001000E038B5154B02781B78D1
:1058B000934222D9134B14491B68054653F8320012
:1058C000884203EBC20318D15C682046FAF78CFCCF
:1058D000002323766A6802B938BDE260C4F81A3042
:1058E000A377636172B6094AE3685268134420469D
:1058F000A360FAF7B7FC62B638BDFCF75DFA00BFEB
:105900008C010020880100200D540108001000E0E7
:1059100038B5154B02781B78934222D9134B1449A2
:105920001B68054653F83200884203EBC20318D1C6
:105930005C682046FAF758FC002323766A6802B9AF
:1059400038BDE260C4F81A30A377636172B6094AC1
:10595000E368526813442046A360FAF783FC62B6FA
:1059600038BDFCF729FA00BF8C0100208801002017
:1059700059540108001000E038B5174B02781B7825
:10598000934227D9154B16491B68054653F8320038
:10599000884203EBC2031DD15C682046FAF724FC61
:1059A00000236373636169682161D4E9080279B1F6
:1059B00012040261A36284F82C3072B6094A23698A
:1059C000526813442046A360FAF74CFC62B638BD17
:1059D000026138BDFCF7F0F98C010020880100203D
:1059E00011730108001000E038B5154B02781B78E0
:1059F000934222D9134B14491B68054653F83200D1
:105A0000884203EBC20318D15C682046FAF7ECFB2E
:105A1000002222776B68E36003B938BDC4F81E200A
:105A200084F8222072B6094AE3685268134420467B
:105A3000A360FAF717FC62B638BDFCF7BDF900BFEA
:105A40008C0100208801002049710108001000E04D
:105A500038B5164B02781B78934224D9144B15495C
:105A60001B68054653F83200884203EBC2031AD183
:105A70005C682046FAF7B8FB237D23F00103237509
:105A80006B6803B938BD0022E360C4F81620A27623
:105A900072B6094AE368526813442046A360FAF7D5
:105AA000E1FB62B638BDFCF787F900BF8C0100202E
:105AB0008801002045550108001000E038B5134B5F
:105AC00002781B7893421FD9114B12491B68044678
:105AD00053F83200884203EBC20315D15D682846B3
:105AE000FAF782FB00232B75A26802B938BD626801
:105AF000AA60A268EA602B77E268AA75AB612846C3
:105B0000BDE83840FAF7AEBBFCF756F98C0100202F
:105B100088010020E15501082DE9F041234F02786A
:105B20003B78934240D9DFF888802249D8F800308A
:105B3000054653F83200884203EBC20334D15C6857
:105B400004F124063046FAF74FFB6B6923631BB957
:105B50006375A361BDE8F0813B782A79934223D92C
:105B6000D8F80030144953F83200884203EBC203DE
:105B70001AD1A9685A68A175EB68E3752B69E361CE
:105B8000E362AB69A2610020062284F8210084F858
:105B900020300A4962754FF00043A162236130460C
:105BA000BDE8F041FAF75EBBFCF706F98C01002076
:105BB000880100208957010885280108156101081E
:105BC000F0B5384B02781B78934287B068D9364BD2
:105BD0001B68064653F8324034488442114603EBB2
:105BE000C2035DD15C68237D00228DF81320DBB1F8
:105BF000012B42D0A37D608B012B1546134635D077
:105C000002F03F0202EB42025200D2B21646E275A7
:105C10000290207F30440190248B254800942A462E
:105C2000FAF736FC07B0F0BDAF23ADF81430214FC2
:105C300020697D68022205AB0121FDF765F99DF819
:105C400015207F688DF813207B1B5706608B58BF8B
:105C5000317803D5013080B231786083A67D012E82
:105C6000CED1960602D500263246D0E702F01F02BA
:105C700002EB420252001646C9E70E4F2F228DF862
:105C800014200DF113027D6820690092194605AABF
:105C9000FEF750FFFDF7BCFA7F689DF81320D3E7AD
:105CA000FCF78AF88C01002088010020815301084C
:105CB000148A0108001000E0F0B5284B02781B7828
:105CC000934289B048D9264B26491B68054653F8AC
:105CD0003200884203EBC2033ED15C680DF11B0128
:105CE00001233A2220698DF81820009106AA19464E
:105CF000FEF720FFFDF78CFA9DF81B30DB0602D57E
:105D0000A38B0133A383184F206972238DF81430BD
:105D100007AB7E68009305AA02230121FEF70AFF64
:105D2000FDF776FA9DF81CC0A28B7B689DF81D00DC
:105D300002924FEA0C2C2978A57F0CF4F85C40EA1B
:105D40000C0028440190648B084800949B1B324649
:105D5000FAF79EFB09B0F0BDFCF72EF88C0100208D
:105D6000880100200D540108001000E0148A010889
:105D7000F0B5284B02781B78934289B048D9264B5E
:105D800026491B68054653F83200884203EBC203DC
:105D90003ED15C680DF11B0101231B2220698DF8A7
:105DA0001820009106AA1946FEF7C4FEFDF730FA46
:105DB0009DF81B301B0702D0A38B0133A383184F20
:105DC000206970238DF8143007AB7E68009305AA14
:105DD00002230121FEF7AEFEFDF71AFA9DF81CC062
:105DE000A28B7B689DF81D0002924FEA0C2C29784B
:105DF000A57F0CF4F85C40EA0C0028440190648B09
:105E0000084800949B1B3246FAF742FB09B0F0BDEC
:105E1000FBF7D2FF8C0100208801002059540108B3
:105E2000001000E0148A010810B5164B01781B78A9
:105E30008B4284B023D9144B144A1B6853F83100A9
:105E4000904203EBC1031AD1586872B6104A8369B5
:105E50005268C4699B68234062B6448D029490F8EE
:105E60002CC0B3FA83F35B090CEB83030193038D1E
:105E7000009308480023FAF70BFB04B010BDFBF7B2
:105E80009BFF00BF8C0100208801002011730108D6
:105E9000001000E0148A010810B5164B01781B7839
:105EA0008B4284B023D9144B144A1B6853F8310039
:105EB000904203EBC1031AD1586872B6104A0369C5
:105EC000526844699B68234062B6048C029490F83F
:105ED00022C0B3FA83F35B090CEB83030193C38BFA
:105EE000009308480023FAF7D3FA04B010BDFBF77B
:105EF00063FF00BF8C010020880100204971010868
:105F0000001000E0148A0108F0B52C4B02781B78D1
:105F1000934287B04FD92A4B2A491B68054653F84C
:105F20003200884203EBC20345D15C68237D9B07A6
:105F300027D4254E2069776805AB009318238DF888
:105F400013300DF1130202230121FEF7F3FD7368F4
:105F5000BDF8142008B107B0F0BD2978258B029553
:105F600050BAA57EC0F34E0000F004002844019012
:105F7000E48A16480094DB1B3A46FAF789FA07B020
:105F8000F0BD72B6104A236D5268616D9B680B407C
:105F900062B6218B0291A17E0C48B3FA83F35B09B0
:105FA00001EB83030193E38A297800930023FAF736
:105FB0006FFA07B0F0BDFBF7FFFE00BF8C010020B9
:105FC0008801002045550108001000E0148A0108EE
:105FD0002DE9F0432A4B04781B78A34285B04CD9B5
:105FE000284B294A1B6853F83410914203EBC40331
:105FF00043D15B68057993F8158086681869B8F114
:10600000020F1DD0DFF8849033462A460121D9F8CB
:106010000470FCF779FFD9F80420D31BB3F5E15FD6
:1060200094BF2B460023B8F1010F08BF174618484C
:1060300000963A462146FAF72BFA05B0BDE8F08300
:10604000083003C804AA02E90300039A120402619B
:106050000E4A506890305168411A0029FBDA72B636
:10606000DDE902100861576862B6012118692A4605
:106070003346FCF749FF2B46D9E7FBF79DFE00BFEF
:106080008C01002088010020E1550108001000E08B
:10609000208A01080C4B01781B788B4210D90B4BDE
:1060A0000B4A1B6853F83100904203EBC10307D140
:1060B0005B6808485A7DDB69C2F38002FAF7E8B9E9
:1060C00010B5FBF779FE00BF8C010020880100208D
:1060D00089570108FC89010838B5836D0446CDB2A3
:1060E00013B15A7D52070AD4A27E02F11B03234446
:1060F0001444FF22E276A3F80120DD7038BDD87D7C
:10610000E91C002201445A759869C9B2FCF748FE9F
:10611000EAE700BF08B510F80F3C5B0716D510F88A
:10612000033C10F8042C9A4208D3D0E90221013331
:106130000A4400F8033C8260012008BD10F80D1CE1
:1061400050F80C0C0231C9B2FCF72AFE002008BD41
:1061500070B5104B0278197804799142C4EBC403EE
:1061600014D90D4D98002B6853F83210D60069B938
:106170000A49098851B90A4943F832101030FBF72F
:1061800061FD2B6833445860047070BD0B20FAF732
:106190005DF800BF8C01002088010020480000202D
:1061A0005161010800000000000000000000000034
:1061B0002DE9F04772B6434E434DD6F80080DFF824
:1061C0000C91DFF80CA10CE0D9F804208B1A5A2BA3
:1061D00039DCA8EB0200002856DB62B6002B3BDC62
:1061E00072B62C686368002B41D1D4E90801636959
:1061F000C268013B82EA0102C26052D0D4E90210B7
:10620000B4F91020636101440244C4E90212236816
:106210009F68CA1B002AD7DB68682B6082688A1ACD
:1062200013EA220338BF034618461B689A688A1A85
:10623000002AF9DAD9F80420236039468B1A5A2B40
:1062400004606C60C5DD4FF0E02200215361916174
:10625000516162B6BDE8F087D9F80430CB1A002B43
:10626000BEDDD9F80430CB1A002BB9DDF4E72046A7
:106270009847A1680028CAD16B6822682A609C42AE
:106280009168A1D16A609FE7534514DB95F9090035
:10629000002802F5615809DA2A7A6A72C6F8008085
:1062A0009BE72046FCF77AFCA168E3E7C6F800808C
:1062B0004FF43473C7E7A87A0028E7D13320F9F701
:1062C000C5FF00BF9801002028000020001000E05A
:1062D00080CDFDFF2DE9F04FDFF8A4B2DFF8A4A2D6
:1062E000A94E8DB0FF24DAF800209BF80050611C05
:1062F000CBB202EBC30206E053F8080BB04204F144
:10630000010107D01A46CCB2AC421346F4D30DB00B
:10631000BDE8F08F5568002DF9D02B7D5F07E2D5E1
:1063200072B64FF00008AB68EF7D049385F81480D7
:1063300085F8178062B6EA6805929B1A0393F7B155
:106340004FF0FF0901E0013F19D02B7FE91803331B
:10635000DBB2302BA1F81D9081F81F802B77F2D98A
:1063600005F11D012A8B894800912146FAF790F822
:106370002B8B85F81C800133013F2B83E5D16B7D8E
:10638000042B00F26481DFE813F00701DC007300E6
:10639000440005004FF44C7300270993ADF82870B2
:1063A000DFF8EC812869D8F80490062209AB0121B6
:1063B000FCF7AAFDD8F80420A2EB0909B9F5E15FC2
:1063C00000F247810DF125000DF1280C10F8013F76
:1063D00008215F407BB2002BB8BF5B004FEA470744
:1063E000B6BF83F00703FFB2DFB20139F2D16045D7
:1063F000ECD19DF82930BB4200F01C812B7F40F28C
:10640000FF30EA180333DBB2A2F81D00D1772B77F7
:1064100086E0604BDFF878811B68ADF824301B0CF8
:106420008DF8263003222869D8F8047009AB0121C1
:10643000FCF76AFDD8F80420D71BB7F5E15F00F23E
:1064400093809DF825309DF8260083EA000181EABB
:10645000111181EA910181EA510111F0010140F02D
:10646000C080870740F12B812B7F40F2FF50C8E7A7
:106470002B69474A083393E8030007AB83E803001E
:106480000B040361516890315368CB1A002BFBDA7F
:1064900072B6DDE907311961D2F8048062B60023D3
:1064A000ADF82C300A9342F284330993286909AB82
:1064B0000A220121FCF728FD0DF12B0705230DF120
:1064C000250010F8012F082153405AB2002AB8BF06
:1064D00052004FEA4303B6BF82F01D02DBB2D3B2D3
:1064E0000139F2D1B842ECD1287F9DF82DE0DB4391
:1064F000DAB2964500F103038946DBB200F1010CE4
:1065000000F1020700F0B0800A464FF0030EFF21B1
:106510002844AC442F4441778CF81DE07A772B77E0
:10652000302B7FF6E0AE05F11D012A8B1748009154
:106530002146F9F7ADFF00232B772B8B01332B83FB
:10654000D1E64FF67F63ADF82430114F2869D7F8B4
:10655000048009AB02220021FCF7D6FC7F68A7EB80
:106560000808B8F5E15F40D92B7F40F2FF21EA1817
:106570000333A2F81D10DBB20021D1772B77CFE7D0
:106580008C01002088010020E1550108088A0108DB
:10659000001000E0289401083223ADF82430DFF821
:1065A00050812869D8F8047009AB02220121FCF758
:1065B000ABFCD8F80430DB1BB3F5E15FD4D89DF910
:1065C00024209DF82430002A0BDB9DF82500039938
:1065D0005B0243EA40033A462846FEF75DFE2B7F06
:1065E0009EE72B7F40F2FF31C1E7C022ADF82420A7
:1065F00009AB022201212869FCF786FC9DF82430B2
:106600009DF8251083EA010282EA121282EA9202C0
:1066100082EA520212F00102E3D1580659D52B7FCB
:10662000E918033340F2FF50DBB2A1F81D00CA772E
:106630002B7775E79DF828309B073FF515AFBDF820
:10664000263003995BBA9BB22846FEF725FE2B7FC6
:1066500066E72B7FEA18033340F2FF21DBB2A2F892
:106660001D10D7772B775BE79DF82C2012F01002D6
:106670000AD09DF926209DF826E0002A08DB0A466C
:106680004FF0040EFF2143E7FF214FF0050E3FE7D7
:10669000059A04994244DFF85C80521A424522D898
:1066A0009DF827104FEA4E2242EA41029DF82A1037
:1066B0005FFA82FEC1F34501C2F3072228E700F02A
:1066C000FC0040EA032303992846FEF7E5FD2B7FF3
:1066D00026E7890041EA83233A4603992846FEF7D4
:1066E000DBFD2B7F1CE74A46FF214FF0010E0FE731
:1066F000001000E0D0FF0200002800F07A812DE9B0
:10670000F04F90F815C01CF0040F8BB0054602D175
:106710000BB0BDE8F08FC44B1CF0020F5A6840F07C
:10672000698128680023884285F8213002DC686886
:1067300088420BDA6B7D5A07EAD50023E97DA86908
:106740006B750BB0BDE8F04FFCF72ABBA868047965
:10675000002C40F0778184680B1999426FEA040499
:10676000CCBF00210121E40FA14240F06081C1684B
:10677000C67883FB013106B34FF0010E741E0EFA8A
:1067800004F4E41824FA06F3C6F12107A6F1210463
:106790000EFA04F42EFA07F744EA070441EB040466
:1067A000C6F1200104FA01F10B43B6F120015CBFF0
:1067B00044FA01F10B4344FA06F113F100444FF09F
:1067C000FF3641F100010027A64277EB0101C0F03E
:1067D0002E81417884780391002900F01481BB4612
:1067E000A4F12107A11906970127059107FA01F1E4
:1067F0000191C4F12001CDE908C202915F460795DD
:106800004DE01CF1004588444AF1000A11F10041B5
:106810004EF1000E8E4274EB0E0E82FB0829C0F082
:106820002A81BAF1000A18BF4FF0010ACAF1000E1E
:10683000816983FB015312F1004149F100098E4245
:1068400077EB090938BF4FF0FF3E15F1004143F1E6
:1068500000038E4277EB0303C0F0E880016A4346F1
:1068600088FB018918F1004149F100098E4277EB5C
:106870000909C0F0DB80BEF1000F40F0D780816ACB
:10688000ACEB02020A444262039A0BF1010BA5EB46
:1068900008059345856200F11C0000F0B180D0E945
:1068A0000415C269D0F8248083FB011E83FB05CA4E
:1068B000002CA6D0019D4919059D4FF00109C5F195
:1068C000200529FA05F50495069D09FA05F9049DA8
:1068D00049EA0509029D4EEB090E0EFA05F5E14065
:1068E0002943B4F120055CBF4EFA05F5294311F1A7
:1068F00000454EFA04FE019D4EF1000EBEF1000E61
:1069000018BF4FF0010E15EB0C0C029D49EB0A0A63
:106910000AFA05F52CFA04FC4CEA050CB4F1200542
:106920005CBF4AFA05F54CEA050C1CF100454AFA31
:1069300004FA4AF1000A4144AE42019D77EB0A0A8B
:1069400082FB0128CEF1000E38BF4FF0FF3EAA189F
:10695000029D49EB080808FA05F5E2402A43B4F124
:1069600020055CBF48FA05F52A43856912F1004A03
:1069700083FB055348FA04F848F100080493564590
:10698000019B77EB080838BF4FF0FF3E5D19049B71
:10699000DDF8088049EB030303FA08F8E54045EA0F
:1069A0000805B4F120085CBF43FA08F845EA080579
:1069B00015F1004843FA04F343F10003464577EB31
:1069C000030333D3036ADDF80480C3FB0189029B10
:1069D00028FA04F809FA03F348EA0308B4F120039B
:1069E0005CBF49FA03F348EA030849FA04F90B4685
:1069F00038E77047C369D31A002BBFF692AE87E61B
:106A0000DDE908C2079D297D012930D002291DD06A
:106A100029B9002BE968B8BF5B428B421DDA0CF044
:106A2000FD0C85F815C073E6001000E0079D6B7D36
:106A30005B077FF56DAEE97DA869002301316B75B9
:106A4000C9B27EE64C420371846086E629698B42B6
:106A500014DCC91AEB689942E1D9A97DA8690192B1
:106A6000FCF79EF9019AEA614FF0000CD9E7E9685A
:106A70008B42F2DCD3E74FF0FF3ED9E62B61CEE745
:106A80002DE9F04385B003AE009618228DF80B2057
:106A9000044602230D460DF10B0201210069FEF7A9
:106AA00049F8BDF80C3072B6227D22F00102227541
:106AB00062B6002839D15BBA9BB2190702D405B07F
:106AC000BDE8F08394F81A808DF80C0008F11B07DC
:106AD000274400970223324601212069FEF72AF855
:106AE000BB1C00938146012120698DF80C103246B1
:106AF0000223FEF71FF850EA090041D1A0447A783A
:106B000098F81B30FF2B2AD0F97841EA0361BB7853
:106B100041EA024141EA0321B1F1005F21D2A06DB7
:106B200021F07041FFF7E8FD03E001212046FFF767
:106B3000D3FAA37E0433DBB22F2BA376BFD904F1A3
:106B40001B01E28A134800912946F9F7A1FCE38A68
:106B500000220133A276E38205B0BDE8F083FF2A6C
:106B600013D0A36D002BE4D05A7D5207E1D5D97D17
:106B70009869002203315A75C9B2FCF711F9D8E7B8
:106B800002212046FFF7A8FAD3E703212046FFF7AA
:106B9000A3FACEE7088A01081E4B984210B427D802
:106BA0001D4B984214D800F14040800A01228240D7
:106BB000EFF3108372B619481949C4691443C461CC
:106BC000C0690A600020086083F3108810BC704719
:106BD000800AA0F58010403801228240EFF3108334
:106BE00072B60E480F498469144384618069E8E7EE
:106BF000EFF3108372B60949800AA0F580104C6942
:106C000080380122824022434A614A6983F3108816
:106C100010BC7047FFFF0140FFFF00400010024022
:106C2000101002400C10024008B500224FF0FF3156
:106C3000930003F1604303F56143C3F88010BFF391
:106C40004F8F0132082AC3F88011F1D10023414847
:106C50001946C2180133F02B82F80013F9D14FF016
:106C6000E02304221A61BFF34F8F3B494FF02062AB
:106C700000234A601846CA1801330C2B1076FAD14B
:106C8000BFF34F8FBFF36F8F62B6344A344BB2EB12
:106C9000030C08D0334A944452F8040B1860624540
:106CA00003F10403F8D1304A304BD21A06D0002049
:106CB00099181A4604338B421060FAD12C4B2D4A96
:106CC000186825492C4C40F00100186058680240B3
:106CD0005A601A6822F0847222F480321A601A68AC
:106CE00022F480221A605A684FF0006022F4FE02FB
:106CF0004FF41F055A609D600022886014208C604C
:106D00005861DA619A611A681C4942F480321A604B
:106D100059601A681A4942F0807212201A6008609D
:106D20001A689201FCD51749114A5960536803F05B
:106D30000C03082BFAD1144C2046FFF72DFF134A01
:106D4000136823F0E06343F0007313606360FAF7A5
:106D500063FC00BF00E100E000ED00E03400002033
:106D6000000000202C9401087C0200203800002044
:106D7000001002400000FFF80000010800E42900B4
:106D80000020024002E429000000014078020020B7
:106D9000114B984215D8114B984208D8104A00F16F
:106DA0004040800A01238340106818407047800AE1
:106DB0000C4AA0F580104038012383401068184029
:106DC0007047800A084AA0F580108038012383406C
:106DD00010681840704700BFFFFF0140FFFF0040F0
:106DE0001C1002401810024014100240BFF34F8FD5
:106DF0000549064BCA6802F4E0621343CB60BFF357
:106E00004F8F00BFFDE700BF00ED00E00400FA0572
:106E100008B572B609490A4BCA690A4842F0C0521D
:106E2000CA611A6841F2342142F480721A604160EA
:106E30001A6822F480721A60FFF7D8FF001002402F
:106E400000700040006C004008B53420F9F7FEF9EE
:106E50006F2870B500F20F81884C030954F8234065
:106E6000002C00F00881864D04F13F4303F57F03B9
:106E7000AE694FEA932C012303FA0CF33343AB6161
:106E8000AB6900F007039B004FF00F0C00F00F0EF2
:106E90000CFA03FC11BB7AB3082505FA03F30507C6
:106EA0006FEA0C0C2FD5656805EA0C052B43002A08
:106EB00063602FDD012303FA0EF32361A0F10D03BC
:106EC000012BC1F3031129D9013908292FD8DFE893
:106ED00001F07D5F2E72412E4C2E3200012927D009
:106EE00040F20115A9427FD003297BD0CE057FD582
:106EF0000D2505FA03F3D2E7042505FA03F3050788
:106F00006FEA0C0CCFD4256805EA0C052B43002A48
:106F10002360CFDCD2D00EF1100ECBE7594A5A498C
:106F2000136823F0E06343F0806313604B6070BD2F
:106F300001FA03F3B3E7A0F11803012B67D9303846
:106F40000128F4D84F4A5049136843F4C0431360F2
:106F50004B6070BD13380228E9D84A4A4A49136881
:106F600043F0010313604B6070BDA0F11603012BC9
:106F700045D9A0F13503012B75D938380128D6D869
:106F8000404A4149136843F0300313604B6070BDC1
:106F9000A0F11403012B44D9A0F12603032B5AD9E5
:106FA0003C380328C3D8374A3749136843F4805321
:106FB00013604B6070BD18380128B8D8314A324987
:106FC000136843F0020313604B6070BD0F2832D189
:106FD0002C4A2D49136823F4407343F480731360E3
:106FE0004B6070BD00235AE7052505FA03F356E709
:106FF000002A3FF751AF092505FA03F34FE7214A6D
:107000002149136843F0040313604B6070BD1D4AAF
:107010001D49136823F4C04343F4804313604B605D
:1070200070BD184A1849136823F4406343F40063A1
:1070300013604B6070BD1328CAD01A3801283FF680
:1070400076AF104A1049136823F4407343F4007379
:1070500013604B6070BD0B4A0B49136843F44063E7
:1070600013604B6070BD074A0749136843F008037B
:1070700013604B6070BDFFF7E7FE00BFF08B0108A7
:1070800000100240780200200000014070B582B07C
:1070900002AB03E903001349019D0446002351F8A4
:1070A000040F844211D00133072BF8D10020EFF3F5
:1070B000108672B602B92D04256100220121FFF766
:1070C000C7FE86F3108802B070BD002D95FAA5F1B9
:1070D000B1FA81F14FF0100008BF4FF0FF3113FB00
:1070E0000010E4E7EC8B01086F29F8B528D8154BA0
:1070F0000546080953F8204014B301F00F0101269A
:10710000A3F1040C8E4000235CF8041F8C420FD0C6
:107110000133072BF8D10020EFF3108772B600215E
:10712000FFF796FE87F31088C5E900462846F8BDAC
:1071300096FAA6F11020B1FA81F113FB0010EBE7EB
:10714000FFF782FEF08B0108F8B5244904465C2263
:107150000078FAF791FD224A00230377217912780B
:1071600005468A421F48686036D91F4A1F48126880
:1071700052F83160864202EBC1022DD1A1685268FB
:10718000AA616F294FEA111024D8194A52F82040F9
:1071900004B301F00F010126043A8E4052F8041F97
:1071A0008C420FD00133072BF8D10020EFF310876A
:1071B00072B600221146FFF74BFE87F31088C5E92F
:1071C0000446F8BD96FAA6F2B2FA82F2102113FB39
:1071D0000120EBE7FFF738FEFAF7EEFD49710108F1
:1071E0008C010020D551010888010020E923010805
:1071F000F08B0108F8B52A4D04465C222946007838
:10720000FAF73AFD274B284A1978237942608B42D6
:1072100041D2264A264E126852F83370B74202EB2A
:10722000C30338D15B68036123788B4233D202EB0E
:10723000C30152F83330AB422DD1A3684D686F2B98
:107240004FEA131129D81B4A52F821402CB303F0FE
:107250000F0301269E40043A002352F8041F8C427B
:1072600011D00133072BF8D10020EFF3108772B64D
:1072700001220021FFF7ECFD87F3108802232B7514
:10728000C5E91446F8BD96FAA6F2B2FA82F21021C8
:1072900013FB0120E9E7FAF78FFDFFF7D5FD00BFEB
:1072A000455501088C0100201D520108880100206D
:1072B00025290108F08B0108F0B56F2983B021D88A
:1072C00004460B09104850F82360DEB10F4806F160
:1072D0003F4303F57F03876901259B0A05FA03F302
:1072E0003B4301F00F0183618D408369CDE9006567
:1072F00002AB13E90300FFF7C9FE2046C4E90065AD
:1073000003B0F0BDFFF7A0FDF08B010800100240B4
:107310002DE9F041064626490078642282B0FAF74A
:10732000ABFC3379234941605A1E032A3DD80373CD
:10733000B3686F2B04464FEA131134D81E4A52F833
:10734000215085B303F00F0301279F40043A002327
:1073500052F8041F8D421ED00133072BF8D10020B4
:10736000EFF3108872B601220021FFF771FD88F358
:107370001088E761F168A56168460022FFF79CFF6D
:10738000DDE9000104F1200383E80300626A026181
:1073900002B0BDE8F08197FAA7F21021B2FA82F2AA
:1073A00013FB0120DCE7FFF74FFD2F20F8F74EFF1E
:1073B0001173010885510108F08B0108844610B54E
:1073C00040F201101E4CCCF8000040F2014EDCF8F7
:1073D000140010EA0E0F03D16068C01A0028F6DB13
:1073E000CCF8101011F0010105D0DCF8000040F4D9
:1073F0008060CCF80000124CDCF8140010F0020F92
:1074000007D1400517D46068C01A0028F4DB0220B9
:1074100000E00020EFF3108472B6DCF8183029B1D8
:10742000012A04BF40F20122CCF8002084F3108826
:10743000DB0702D510BD0120ECE73720F8F706FF87
:10744000001000E02DE9F843874C07461546084632
:107450001E4604F1C00202E00834944261D0237950
:107460008342F9D1A1790022FFF7F2FCB5F5803F04
:10747000D4F8008032D30023012202FA03F1294418
:107480000133D940B1F5803FF7D202FA03F9B9F5DB
:10749000803F26D940464FF480394FF6FF75FFF7FD
:1074A00077FC38B3D8F80030DB0709F1FF322CD570
:1074B000D8F8283092B2934240F0CF80D8F82C20F0
:1074C0006B1E9BB29A4240F0C5806379013B032B4F
:1074D00000F2C680DFE803F09C7A582829464FF076
:1074E0000109022938BF022140460D46FFF750FC32
:1074F0000028D7D14046FFF74FFBD4F80080D8F8DA
:107500000030DB0709F1FF32D2D46B1EC8F8282007
:10751000C8F82C30D8F8143043F00103C8F8143000
:10752000D3E73C20F8F792FED8F8201021F48051E0
:10753000C8F82010D8F81C1021F4E641C8F81C1037
:10754000D8F81C1006FB05F303F58043DB0B41F470
:10755000D841C8F81C10C8F84030D8F8203043F49F
:10756000805308F14002C8F82030D8F800303A6063
:1075700043F00103C8F800304FF40043C8F844302A
:107580007D603846BDE8F883D8F8201021F480717A
:10759000C8F82010D8F81C1021F07301C8F81C108E
:1075A000D8F81C1006FB05F303F58043DB0B41F014
:1075B0006C01C8F81C10C8F83C30D8F8203043F4EF
:1075C000807308F13C02C8F82030CEE7D8F82010CC
:1075D00021F01001C8F82010D8F8181021F4E64165
:1075E000C8F81810D8F8181006FB05F303F5804307
:1075F000DB0B41F4D841C8F81810C8F83830D8F877
:10760000203043F0100308F13802C8F82030ACE70E
:10761000D8F8201021F00101C8F82010D8F818106F
:1076200021F07301C8F81810D8F8181006FB05F3FC
:1076300003F58043DB0B41F06C01C8F81810C8F863
:107640003430D8F8203043F0010308F13402C8F890
:1076500020308AE73A20F8F7F9FD3B20F8F7F6FDED
:107660003920F8F7F3FD00BF689301082DE9F04FCA
:10767000444AC51E1544023283B0954200AF64D916
:10768000414E92F9003092F800A0C7F804D0002BC8
:107690005FDB01320AF1FF33682B70D806EB0A106A
:1076A0004FEA0A1A837801799B00073303F4FF63DA
:1076B000ADEB030D83686846A9B39C46EE4603EB29
:1076C00001080FE0072B57D1134613F8014B1A1985
:1076D000954251D37146C44541F8084BCEF8043069
:1076E0008E4620D0954247D31CF8013B042BE9D8A5
:1076F00012F8013B03F0600BBBF1600F0EF10409BF
:1077000003F07F0108D161F01F0105E012F8013B91
:1077100003F07F0B4BEAC1111C06F7D4C445CEF829
:107720000010CE46DED1194B9B7A23B106EB0A033B
:10773000DB78DB0716D5B2443A60DAF80C309847AC
:10774000D7F804D03A6895429BD80C37BD46BDE8BF
:10775000F08F53784FEACA1A0AF47E5A43EA0A0AAB
:10776000023297E7094B0A48D97A3A60F8F790FE57
:10777000D7F804D03A68E6E70720F8F767FD052058
:10778000F8F764FDA0010020C88C01082800002043
:10779000108B010888420ED98B1883420BD900EB5D
:1077A000020C002A6ED0624613F801CD02F801CD1A
:1077B0009942F9D170470F2A0FD8034602F1FF3CD6
:1077C000002A5FD00CF1010C013B8C4411F8012B15
:1077D00003F8012F6145F9D1704740EA01039B0787
:1077E00051D1A2F1100370B501F1200C23F00F0567
:1077F00001F1100E00F11004AC441B095EF8105C9E
:1078000044F8105C5EF80C5C44F80C5C5EF8085CB4
:1078100044F8085C5EF8045C44F8045C0EF1100E59
:10782000E64504F11004E9D1013312F00C0F01EB2D
:10783000031102F00F0400EB031328D0043C24F0E2
:1078400003064FEA940C1E441C1F8E465EF8045B30
:1078500044F8045FB442F9D10CF1010402F00302D0
:1078600003EB840301EB840102F1FF3C4AB10CF10C
:10787000010C013B8C4411F8012B03F8012F6145E9
:10788000F9D170BD704702F1FF3C03469AE72246EA
:10789000EAE700BFEC46A0E8F05F4FF00000704759
:1078A000B0E8F05FE546080008BF0120704700BF60
:1078B000830730B547D0541E002A3ED0CAB20346D3
:1078C00001E0013C39D303F8012B9D07F9D1032CCA
:1078D0002CD9CDB205EB05250F2C05EB054535D987
:1078E000A4F1100222F00F0C03F1100EE6444FEA4F
:1078F000121C1A46C2E90055C2E9025510327245FF
:10790000F8D10CF1010214F00C0F03EB021204F099
:107910000F0C13D0ACF1040323F00303043313441E
:1079200042F8045B9342FBD10CF003042CB1C9B2C2
:107930001C4403F8011BA342FBD130BD644613462F
:10794000002CF4D1F9E703461446C0E71A46A446D2
:10795000E0E700BF032A30B415D941EA0004A407C8
:1079600084460B4604D0541E0FE0043A032A08D97B
:107970001946604653F8044B5CF8045BA542F4D00A
:10798000F1E760461946541E7AB1431E01390219C7
:1079900001E09A4209D013F8010F11F801CF6045B8
:1079A000F7D0A0EB0C0030BC7047002030BC704713
:1079B000844641EA000313F003036DD1403A41D3FA
:1079C00051F8043B40F8043B51F8043B40F8043BB9
:1079D00051F8043B40F8043B51F8043B40F8043BA9
:1079E00051F8043B40F8043B51F8043B40F8043B99
:1079F00051F8043B40F8043B51F8043B40F8043B89
:107A000051F8043B40F8043B51F8043B40F8043B78
:107A100051F8043B40F8043B51F8043B40F8043B68
:107A200051F8043B40F8043B51F8043B40F8043B58
:107A300051F8043B40F8043B51F8043B40F8043B48
:107A4000403ABDD2303211D351F8043B40F8043BE8
:107A500051F8043B40F8043B51F8043B40F8043B28
:107A600051F8043B40F8043B103AEDD20C3205D3F8
:107A700051F8043B40F8043B043AF9D2043208D0F0
:107A8000D2071CBF11F8013B00F8013B01D30B8862
:107A900003806046704700BF082A13D38B078DD040
:107AA00010F003038AD0C3F10403D21ADB071CBF12
:107AB00011F8013B00F8013B80D331F8023B20F87C
:107AC000023B7BE7043AD9D3013A11F8013B00F8B5
:107AD000013BF9D20B7803704B7843708B7883703D
:107AE0006046704700000000000000000000000039
:107AF00001F0FF01102A2BDB10F0070F08D010F85F
:107B0000013B013A8B422DD010F0070F42B3F6D162
:107B1000F0B441EA012141EA014122F007047FF07B
:107B200000070023F0E80256083C85EA010586EAD2
:107B3000010685FA47F5A3FA87F586FA47F6A5FA0E
:107B400087F68EB9EED1F0BC01F0FF0102F007021A
:107B500032B110F8013B013A83EA010313B1F8D1C5
:107B60000020704701387047002D06BF35460338A6
:107B7000073815F0010F07D1013015F4807F02BFDF
:107B8000013015F4C03F0130F0BC0138704700BF30
:107B9000201C20526571756573742053657269618C
:107BA0006C20426F6F746C6F616465722121207E5E
:107BB00000000000040400000402070004000002AA
:107BC000000200000400000404000000040400009F
:107BD0000404070004070000040007000404040074
:107BE0000404000404010000070000000400040273
:107BF000000000000000000000000000000600007F
:107C0000000200000200000078DA9D5A7B6FDB382A
:107C100012FF2A8281C53D36EE594FDB01F60F3740
:107C200071DB609BC7DAC976718703A148B42D4424
:107C300096BCA2D424B7E877BF190E5F92DD166810
:107C400081547C0C87E4701E3F0EFDD7283D1C46F6
:107C5000E7A35FCBE270E0CDE86CF4D81565CE3ECB
:107C6000F346147525A06B9B65E7DEDFFDF8DC8F1E
:107C7000DE046F1A5EFA63FF1F9EACF85E300922C5
:107C8000DFF7E7DE6351756D510A200DDE44D13810
:107C9000FC39087F7E0442AC01DBACDEEFD32A075F
:107CA000867F8DD25CF841306169DBA6D98EB54DF7
:107CB000B1DDF286A5555AD65BAF2EF25F7ECABC07
:107CC0007E2BA3D6D1F92C3E1BA565596769CBB194
:107CD000517859DD552DF541175117D50F310F7DCD
:107CE000DC7FDBC2C6599A3D696A3B43943804790C
:107CF000AE090EB5909FA2FAE5A7CE3B7465C9BA4E
:107D0000030D98D9017F76BC79353C610B4F48DD76
:107D100070D1B2B6C89E04D5DA26ADC4BE68999EAD
:107D2000D52B2A380D35FF142459F2B46162D7B52A
:107D300079FD5C8DCE03146EB529B64CC9554F2123
:107D40000E85DA9997A76DCA1A9EE6AF8C1609C2FE
:107D50004A9C712F6518C5C7E346E7C9DC5269D153
:107D60009A5D2B4E616868D45635055599233FCBF3
:107D70004E36F2A6CFAC27BBD8AE302FB6459B9679
:107D8000ACEEDAC180CF69D971B945BE49BBB265E5
:107D9000A6619FBEB0BC6BD216F458AED39F1A7EBC
:107DA0001C34B1AD0F3D5E596FF2C04EBECBA3681F
:107DB0003A33626D8492A1C775218F4C2936A5C4D0
:107DC00094A6A6C4CBF4D51C3648D79EDDEE65EA52
:107DD000BFE829B6292870B64BAB8A97726FB06F8F
:107DE000CD4364E5933D44CBA008324F9F5AE43421
:107DF00067FB60328F669A359099C39DCE0C599976
:107E0000677EE207A7A8E6FE908A3D17ED0E14A153
:107E10007D3CA6F7B099D6876327766C2182FCD982
:107E20006A8660FD226B5F0FF2DC8010F65E1C74C8
:107E300003ACD36E677FE8E6413C39B99BD8505517
:107E4000BC3E142FBC1CE88AB40251FC0FB8EE3AB9
:107E5000F0582D431D716C4F706802D1DB138A23DB
:107E6000C3F4F0BC3FA17FD92BD8A3E5A1B46FD751
:107E70000DF5115A8E1432B22B16B5609BA2740CFC
:107E800002A905CF9058C8FD8D036B3C60A2C37555
:107E9000A0C76A8BCF9CED8AED8EBC598F1EEC7704
:107EA0005BF213BEC1F45981CFA3DE48ED6B4E0DDA
:107EB000565D6C2FB6BFFCF44F70EF617F2CAA0AA1
:107EC0006A6F268C768656ED443B9D5B87958913B9
:107ED0004AEE09D00D5D7CAD32D637222FDBE76C40
:107EE0006857B1B3F3966360334B87AAD24E2F2FF6
:107EF0001A5D24172B892D55570AEE300DAC9B6B5C
:107F000077BCD9D7E0C10E2725EA765BA126D6A398
:107F1000B4FBAC4B1BA34ACD0B3B727F5E6B1A517B
:107F200051DB62CF696BD61A4F8736AB49C632C672
:107F300041E40C4221DAB30003CDF9630736530361
:107F40000E98EB1A4CBD95F64287EA1B320C225E66
:107F5000DDE4BCC1C9200636E45B034DF0DC142D22
:107F60003FA240C32042583FDFF366CBABEC95A164
:107F700013864540133964B6ABF7FC28448A747FF6
:107F8000708D4CD54D80EC875058BA0D02B45D36DB
:107F900008FBB0095193870A623BB90CD0B0A6B474
:107FA000E5464028BA4D011206B7C148865ED66440
:107FB000E4BECF465BF018729D7032AA2669C01DE0
:107FC00051B53BE0D181AD9F8D541C01ABAE720623
:107FD0006A6BC2249649CE893F20C323F09C20AE11
:107FE000C8E03864C0F831080593A0E3446F07CEB9
:107FF000D7F5A550959E1024805F3C3C2E48FD236C
:10800000679478760782B11A03CD5347951DF3E93B
:10801000B14A226225A1CEC61AA7541DDCA1875AF7
:10802000C64AAEDC24ECB6C879D5161B804F9B0D32
:10803000AC401ABE4115B0321D997E481EA0F53ADB
:108040006248A99BC38F03A7A73BE4563108F2ED12
:108050003AE750625063D2A0010EEBA9274C170DEE
:10806000E8A4C675D63FCE1C463D60366094CC066B
:10807000744346C9D4100CB1DB0FDAD6E36BCBC125
:10808000494B133AD412947A7B6B6F2AC8D91A1CC5
:10809000F01698ED78F6E4A0C030D0EB1A8040B32B
:1080A000AA430D7E70B826C7BFC79A410F360D058B
:1080B0003DE9510DA5339DEBEE21461AF0994E870F
:1080C0008447AC124D31C051C3159913EBA3A1E104
:1080D000847E9FEC683AB3B1011C1AF2890674479A
:1080E0008C8CA61D0184AFDC4FD099011E283674FC
:1080F0009273CB40721EEC1F766C64772A667E65A5
:108100001247A37A0A451588D5E08D73479F12520E
:10811000878E9FBA2798396A17D7F966C800D6198B
:1081200072A3C4E080224D8CC0C0B340973714D6F0
:10813000B42FDA493F07DF02020728B94494187FB9
:108140004355960C28600C27841170AC48E36E628E
:1081500070CB8185874744720B12871A9E3D500A67
:1081600083121A54F117B504C03E26AC140D453ADB
:108170009F88B440BE0370412CB8148B36702C41DC
:1081800050CDB972012CC8886F366CD3A410668AA2
:108190009630ED3C3E62410E9E892CB5FBD14EBF20
:1081A000F064B329F4B87969D7D64C9322EC413FF7
:1081B00033E0AE16644217555991BF28EC3491CC88
:1081C0006BE1AB6FA0BEA1FA46F045D69363D60E25
:1081D0006E38628C7DC41A4BBE628212B7E87B1087
:1081E0000D6D64990744E7C426A7378C756F2F9CE3
:1081F00063930AE7FB3AE74E588721533BA41FCB12
:10820000F785A87504DFD7A23805C835BB21404ED5
:1082100042E2FAF58D84A88712F27F0B04C5B33EC3
:10822000D5690C14E31E08DC33045A10900BE76880
:1082300041E9E79640C23B740084002C2070D021B5
:108240008C80891534EFC9BA8F4B0819C0F90FE03B
:10825000840B5DBF033B3DDE34B55B375E675F5724
:10826000450B5DD617AA06F07C52C8E3607A34F35A
:1082700029DC3A0E66477478DC4DFACC645436310A
:10828000031AF678B00515711E544E04C627C61F92
:1082900049B047A1EFF0BA59790BC92F417E522C52
:1082A000920F0492136E17DCD0CCD2B5EE254902A2
:1082B0000EE6840C593782E22F87A2E13D683F37F2
:1082C0009C06AB7689409C84EC4E050FC7EF465F59
:1082D000F41D0A53988BCB0B76BDF803C129FAB075
:1082E000B70F6B767775B3C62C8C3F3A1FDDBD4D4B
:1082F000CEEEDE4E47839E5476CDA06B3EE80A64F8
:108300000F5CB3E03FDFED0383920C17C070318543
:10831000BF78D8CBA00FFEA60CFBBE43F93682BFB8
:1083200018FE42395F04D3C567581B50A6DFEC56D0
:108330008BC56E1FFBFD230286DDF81FCEE587DFB0
:10834000A3FFF66AC26FAEFBE2E3EDC5AFECDD6AF8
:10835000F91B1E523491FFCE46D7170F402ADA7D03
:10836000186CFC49F8C281F4EED3351D5A184C1133
:108370003CAF9617CBABDF97ECD3D5CDE5ED27F42B
:10838000180136AE972B68A4D97953A4A5942A9ED8
:10839000CD028F0DBAAF161FD9DBC5C32526052622
:1083A000114EB7BE5FDCAFD9FAE17AFD1BF4AC9792
:1083B00078B14CB0797977B75CB1DBBBFBABEBAB99
:1083C0007F2F2FD9F2F2FD923C8DEEC32F7B7B7B6A
:1083D000FF41F77DC11B69077764992992197337AB
:1083E000478675D01879ED01E98CCE275FE83A050C
:1083F00044AA0F346622DBF020E9DE066716583AFD
:1084000005D7901C250D8B5BDE3EDCCB5CF2CDE20C
:10841000E2573908B6B4BA67540D7575B55C5CAAF5
:10842000360045EB878B8BE57A4D4BD05730E9DB37
:10843000CE91F55570C12E17F70BB65CAD6E579205
:108440003B36A1AC6052D508335DDDFCBEF87875D3
:1084500049CC71004DB8BC59DFAEA0F1EE76756F16
:10846000C8E54C6E861027FA78B50E2E3FC94D43ED
:1084700031BCFC40528478A56DF57E790DB28679C9
:1084800057F26860ED778BC9E8FC3F93333FF92FD3
:1084900054DE62056012D52EB006E8816A97588BCB
:1084A00066AAB6C41ADC60A9F60E6B33CDE53DD6DC
:1084B000E692CB975E6857EB4CFD300CE5325311DA
:1084C0004FA2692EB7BF6F93999FC83D633148840F
:1084D000146E5BF278E2078F74702A9C231772097E
:1084E00074FA03EB378DAEC1107A4055A052205775
:1084F00070D24CA93D946B39B6BC10D7018A53A0F9
:108500006B6E8A0A2E94B912B0279DE6862E7CE403
:108510005517A57C70F074F62427F07A91565E55B5
:10852000B78090E0AFDE00CE7CDE13C8F4A42FF756
:108530009E770594C9270BEF0071186622740C63AF
:10854000FFD622C4F644B105AE5EBB4B5BAF105EF6
:10855000AAE622FC49591D452C9014FD39E59EA838
:10856000558271799981E978E5E92CA1190F92BAC0
:10857000A0172BEF9036E0062864CBB48EEE683857
:10858000045ED1CA77A777292C3AF7DADA93C001CB
:1085900093F198F1A0ABEA3B4AEC6AEC5954397F6D
:1085A000F1CAB4C188043BA87AB95EC2161FFEC0E6
:1085B0007B2DBE03FC4BBD03F424ECF9E3885E8302
:1085C000C0A03C65A3645E9E3454DDE6BB6D685F6D
:1085D000BA63421DF7148629585ED1CDCA033FE91C
:1085E000A9590967E90E9B46182602E8C144D3E958
:1085F0006720FB9A45372402AB9A4A3D09CACC99B9
:108600006D03321479BAE72033CABAEACE7D0D770A
:108610000B25750FF3F8E8F16DB7C9FA9B3C3FE500
:108620008E8EFA5526C7CC1F3A7B0745F1C85C31C0
:10863000A5A95B31DF2EAD2F8EFA8D1A11206A713C
:10864000DAD55D1A9D94E2163973F4AEC22E0DCCC4
:10865000789DBEE029CFB40C09AC5F732152387607
:108660005E6500BEB52E82C4AF0B2140EF44B6E379
:10867000795762D21606E335CF536846AA0DFFCC70
:1086800051F878C3FBFA805DDAE4D218153526F28A
:10869000AF51E2F2EAEB41A9D994F533DD9D6FC009
:1086A00082538FB683E62F5D2D66C0DC0ED423D9AE
:1086B00081F94AB783A80319918DED1E9A7A0BC7E9
:1086C000BE87D5A5B8FC0D5C216021204E8EBE036F
:1086D00073FA5F21C737066780BC9778FAA585EEE5
:1086E000132BAE768C460A3ADF8015E23980AAA1B8
:1086F0000563567D6D088E440733942520CC0C56B7
:10870000D27BC6A15B861D69C4F78D11F85CBA06E1
:10871000EF43072C178014C5BEDBEB366D2C882089
:10872000F4DB8B7CF6C5CDA2BF920ED47D015E2B0F
:1087300007D6D6B5B749E5EE686798BFBE77F50DA1
:10874000A50784F2718AB2BAF7521E3812C0B5E09A
:10875000D2F93F54A23BA061737266A4FC897A7B74
:1087600087E8DB554FC0039D1E3DAC3AEDC276E075
:10877000006909E01545DD48E305942EBC4C9012D4
:10878000D0FBB89011524ED4D989E981CCF692F53C
:10879000503AC6B4A211F6C7D86716F2F275554220
:1087A00060F80C4B4A1F4BEDEF8DECE0F8F03E5BB0
:1087B0007A83394006F2D70526B2A8DF1CE4F41804
:1087C00022301D8D5E999429836E39B9B9404A27AC
:1087D00024852A1D3DBD7A9DB868E0499251482DF7
:1087E0005609146972081321E21EBD2661C80518D6
:1087F0001BFAB33896215B551219FFA992C4522D6A
:10880000A09224D39842F7E0AE6671DAF5EDCDD5AB
:10881000BD0268B7BF2F57EF3E4A340C56B3F8C4B9
:10882000568B1B44A51303C8D677CB8BAB77571752
:1088300027991AA4F32818EE1ADF8DC0302152A40C
:108840004F6CDBCA29F0E37F91382E03B500AAD123
:10885000FB9B07EFFDDDC7CF08E8E1D40EE0F83859
:10886000FD54C4FC9EA3975E9189AC7EAA4E250F51
:10887000C6783AFA1717BD31A99383A6348C1A210A
:108880007F538119397B091DDBDF0A78083665497A
:10889000DE53E5D30FB66915925913708ECCE40000
:1088A00071B8544299DBFED6C2D5105560CEFC910A
:1088B0007D6F1360A8E6F96C8C014FBF57F538EF58
:1088C0006AB8C56F8FE7709FC3707C4097002DE535
:1088D000C1EB8FBA18A864B2A450529AD94718674E
:1088E000B0798DA1C4CC1B24C5AB87958F37448C40
:1088F0004A44188CCCDB8ADAA54E5D755926DF8A8E
:1089000070C1E002602EF731728C01881C0A2CB90C
:108910007CEA258804C2832AE383C7191F03B43B7A
:10892000A69709B7F91795ABD649054A98BA2C1FEF
:108930003B1966727AA50070093E85E9D828F4F1E2
:10894000C35CD66FEB9796AFC861722A0978743E04
:108950006EAADC3D96A09F733B1A37209739317081
:108960004F12528F11E6E2B284D544D1EDD547FCC7
:10897000A934CEC9A30D926CF40A86D91D44F63DE4
:1089800047D53FD113F68A05198454AED6A6DE8E9C
:10899000B7804937B9FCE4382775DA06A8E458945B
:1089A000EF64837A63B2D4A4054FE7EA5CAFE0A337
:1089B0000F97D706FA9545D7EB456FAD7E38073E42
:1089C000EDF3E48D1FBE998CA75132DEA6419A4C7F
:1089D000B3C7C7715E34ED2B1C7A904C669398F93F
:1089E000D338F1FDF12A4E8278F4E5FFA53618B1AF
:1089F0000000050000000000000000008100100AD7
:108A000003000000B47B01088000400A030000005E
:108A1000B87B01087F001D0C06000000BC7B01082C
:108A20007E00400903000000D87B01087D00140A85
:108A300004000000C47B01087C00170A0400000049
:108A4000C87B01087B000A0802000000CC7B0108FB
:108A50007A00400802000000D47B01087900400938
:108A600003000000D07B01087800400903000000EB
:108A7000D07B01087700400802000000D47B010889
:108A80007600400903000000D87B01087500110A38
:108A900004000000DC7B01087400110A04000000DF
:108AA000E07B010873000D0802000000E47B010870
:108AB00072000B0701000000F07B01087100400705
:108AC00001000000E87B01087000120A04000000A9
:108AD000EC7B01086F000B0701000000F07B010830
:108AE0006E00100802000000F47B01086D001509FB
:108AF00003000000F87B01080000400802000000AD
:108B0000FC7B01086C000E0802000000007C0108DC
:108B10006B00090701000000047C01086A000606DA
:108B20000000000000000000005400401617000084
:108B30000054004018190000005800401A1B0000A3
:108B4000003800401E1F1D020202000000300140DC
:108B500006070502020200000030014014151352FE
:108B600052520000003C00401415130202020000A3
:108B7000FF0001060354FFFFFFFFFFFFFFFFFFFFA2
:108B8000FEFFFFFFFFFFFFFFFFFFFFFFFFFFFFFFF6
:108B9000FF04051107242021222352022512FFFF82
:108BA000FFFFFFFFFFFFFFFFFFFFFFFFFFFFFFFFD5
:108BB000FF1B494D4C1D483A3B3C3D3E10474A4B3C
:108BC000FFFFFFFFFFFFFFFFFFFFFFFFFFFFFFFFB5
:108BD000FF4E4F1C1E1FFFFFFFFFFFFF3839FFFF37
:108BE000FFFFFFFFFFFFFFFFFFFFFFFFFFFFFFFF95
:108BF00000080140000C0140001001400014014039
:108C000000180140001C0140002001400401010047
:108C10000404010004040404000000000404010131
:108C20000101010004040101040101040400000029
:108C30000404000004040404040000000004000014
:108C4000040000000000000004000000000000001C
:108C5000040000000000000004000200000000000A
:108C600004000400000000000407040004000004E5
:108C700004000000040000020200000004000200E2
:108C800000000200040700000400040004000004C7
:108C900000040202040000000404040004000004B4
:108CA000000404040404040400000000040002039F
:108CB00004000404000000000400000004000000A0
:108CC000040000000004000000000000000000009C
:108CD000000000000000000001000201020000008E
:108CE000C48C0108B91B010802000001000000004B
:108CF0000000000031030108030000010000000033
:108D00000000000029030108040000010000000029
:108D1000000000008D1B010805000001000000009C
:108D200000000000791B010806000100010000009E
:108D3000F07B0108CD1C01080700000100000000C5
:108D4000000000003D1B01080800010001000000B8
:108D5000C08C0108DD0201080900000100000000CC
:108D600000000000990101080A0002010100000052
:108D7000E87B0108351C01080B000301030000001B
:108D8000BC8C01085D0101080C000201020000001A
:108D9000B88C0108F51B01080D000200020000005C
:108DA000C48C0108D12301080E000200020000005B
:108DB000CC7B0108891F01080F000300030000009D
:108DC000BC8C0108051E0108100002000200000012
:108DD000B88C0108C11D0108110005000500000044
:108DE000B08C0108411D01081200020002000000C1
:108DF000CC7B0108D920010813000100010000000C
:108E0000C08C0108252601081400020002000000A1
:108E1000B88C01088520010815000200020000003E
:108E2000CC7B010835200108160004000400000076
:108E3000AC8C0108C12C01081700050005000000DA
:108E4000A48C010871250108180001000100000030
:108E5000C08C0108852601081900080008000000E0
:108E60009C8C0108512101081A0003000300000036
:108E7000988C0108152801081B0002000200000060
:108E8000CC7B0108A12E01081C000200020000009A
:108E9000B88C0108752201081D00040004000000C0
:108EA000C47B0108F12101081E000100010000003F
:108EB000C08C0108852801081F0002000200000084
:108EC000CC7B010881230108200009000900000073
:108ED0008C8C0108CD220108210002000200000054
:108EE000B88C0108E52601082200040003000000F8
:108EF000D07B0108452B010823000300020000007D
:108F0000D47B0108D13101082400030002000000D5
:108F1000D47B01087D310108250004000400000015
:108F2000C87B01086D29010826000100010000002E
:108F3000C08C0108DD2801082700030003000000A1
:108F4000888C0108E92301082800040003000000C0
:108F5000848C01083D4E0108290004000400000033
:108F6000C87B0108452A01082A0001000100000011
:108F7000C08C0108252901082B0003000300000014
:108F8000808C0108D14101082C000300030000007F
:108F90007C8C0108DD4301082D000600060000005E
:108FA000748C0108E94101082E0002000200000053
:108FB000CC7B0108413D01082F00050005000000A1
:108FC0006C8C0108514201083000040004000000CC
:108FD000E07B010885440108310002000200000026
:108FE000CC7B0108FD4001083200040003000000B2
:108FF000688C0108014801083300050005000000E5
:10900000608C0108A1450108340001000100000046
:10901000C08C0108B13D01083500040003000000C8
:10902000B87B0108B14801083600050005000000C2
:10903000588C010861460108370004000400000054
:10904000C87B0108C9420108380003000300000082
:10905000888C01082945010839000300020000003E
:10906000D47B0108453F01083A00030002000000DC
:10907000D47B0108F93E01083B0006000600000011
:10908000508C0108A94601083C00030002000000C2
:10909000D47B01080D4001083D00030002000000E0
:1090A000D47B0108913F01083E0008000800000041
:1090B000488C01083D4701083F00060006000000FB
:1090C000508C010809490108400005000500000016
:1090D000408C0108D9490108410006000600000043
:1090E000388C010819430108420003000300000006
:1090F000988C01082941010843000100010000008B
:10910000C08C0108B14A01084400020002000000BE
:10911000B88C0108794301084500020002000000F4
:10912000CC7B0108854101084600010001000000D8
:10913000C08C0108C15B010847000200020000006A
:10914000B88C0108455801084800040004000000DC
:10915000348C01088153010849000100010000001E
:10916000C08C0108B95C01084A000200020000003E
:10917000B88C0108A95801084B0002000200000049
:10918000CC7B01080D5401084C00010001000000D7
:10919000C08C0108715D01084D0002000200000052
:1091A000B88C0108115901084E00020002000000AD
:1091B000CC7B0108595401084F0001000100000058
:1091C000C08C0108295E0108500002000200000066
:1091D000B88C010879590108510002000200000012
:1091E000CC7B0108A55401085200040004000000D3
:1091F000308C0108117301085300010001000000C8
:10920000C08C0108995E01085400020002000000B1
:10921000B88C0108E959010855000200020000005D
:10922000CC7B0108F5540108560003000300000040
:10923000B47B0108497101085700010001000000DA
:10924000C08C0108095F01085800020002000000FC
:10925000B88C0108515A01085900020002000000B0
:10926000CC7B0108915501085A000300030000005F
:10927000988C0108F57101085B00020002000000F3
:10928000CC7B0108455501085C000300020000008A
:10929000D47B0108D15F01085D00040004000000D8
:1092A000C47B0108BD5A01085E00030003000000F2
:1092B000988C0108E15501085F00030003000000DD
:1092C000988C010841570108600005000500000066
:1092D000288C0108F9560108610004000400000010
:1092E000248C0108A5560108620007000700000051
:1092F0001C8C0108495601086300020002000000AE
:10930000CC7B0108516101086400010001000000EC
:10931000C08C010895600108650007000700000087
:10932000148C0108195B01086600030003000000AB
:10933000108C0108095801086700030003000000B1
:109340000C8C0108CD5701086800020002000000E3
:10935000CC7B01088957010869000001000000006A
:1093600000000000116E0108000000400001220012
:109370000000004001022200000000400203220021
:109380000000004003042200000000400F01120012
:109390000000004013021200000000401A031200F7
:1093A000000000401B0412000004004006011200EF
:1093B00000040040070212000004004010031200E5
:1093C00000040040110412000004004026012200A5
:1093D000000400402702220000040040280322006D
:1093E0000004004029042200000800403C01220043
:1093F000000800403D022200000800403E03220019
:10940000000800403F04220000080040160122002E
:109410000008004017022200000800401803220044
:0B942000000800401904220083000037
:10942C0010000000000000000D0101080000000009
:10943C00000000005D020108000000801000002008
:10944C00D9000108000000001C0000201C000020B6
:04945C00000000000C
:0400000508010000EE
:00000001FF
